pair_id	median_1p	median_1q	median_2p	median_2q	median_3p	median_3q	median_4p	median_4q	median_5p	median_5q	median_6p	median_6q	median_7p	median_7q	median_8p	median_8q	median_9p	median_9q	median_10p	median_10q	median_11p	median_11q	median_12p	median_12q	median_13q	median_14q	median_15q	median_16p	median_16q	median_17p	median_17q	median_18p	median_18q	median_19p	median_19q	median_20p	median_20q	median_21q	median_22q
001_pair	-1.920711e-03	8.498751e-04	4.782692e-03	-7.071498e-04	3.917173e-03	-5.173368e-05	-3.071186e-02	7.478071e-05	7.023388e-04	2.137620e-03	-1.490894e-03	-8.531204e-03	-2.167136e-03	1.050661e-03	1.749511e-03	1.056516e-03	4.839258e-03	1.835152e-04	1.394711e-03	-2.430947e-03	8.802716e-03	1.833828e-03	-4.784789e-03	-4.755503e-03	-1.245157e-03	3.590915e-03	1.849080e-04	1.342897e-03	2.880085e-03	-1.914169e-03	-2.102532e-03	-2.772659e-03	2.520815e-03	1.848178e-03	-5.689498e-03	5.214752e-03	-4.183964e-03	-3.573190e-03	-6.683053e-03
002_pair	6.954193e-04	9.908318e-04	2.881147e-04	-3.152451e-03	3.311662e-03	-4.437984e-04	1.235599e-03	-9.666909e-04	9.054855e-05	6.460635e-04	3.280071e-04	2.512735e-03	-2.318425e-03	-1.587504e-04	4.477524e-04	-7.946965e-04	6.030602e-04	-4.342277e-04	-1.704263e-04	2.143626e-03	2.348965e-03	-5.490850e-04	5.512957e-01	5.541790e-01	-3.924699e-03	3.750888e-03	-9.205340e-05	-3.005261e-03	-7.347288e-04	-2.680682e-01	-1.419883e-03	-2.588430e-03	-6.459799e-04	-8.053306e-03	-6.554916e-03	-8.492138e-04	-5.672453e-03	2.206844e-01	-7.242456e-03
003_pair	1.361026e-03	-4.592250e-04	1.466866e-03	3.382669e-04	7.343150e-03	3.484692e-03	1.342289e-03	-2.721681e-03	-6.629439e-03	5.685405e-03	1.585127e-04	1.460926e-03	0	-1.040847e-04	3.426651e-04	-2.054212e-03	7.563532e-03	2.904217e-03	-1.799046e-04	-1.762576e-03	6.713773e-03	4.146078e-03	-3.659226e-03	-2.512562e-03	-6.116935e-03	2.378448e-03	-9.964906e-04	2.781086e-04	1.857292e-03	-6.604029e-03	-1.055695e-03	-7.527191e-03	2.636626e-03	-9.025586e-03	-1.053006e-03	3.917929e-03	-7.239544e-03	-3.113071e-03	-3.866054e-03
004_pair	-4.084657e-03	2.074192e-03	-1.696005e-03	3.086755e-03	5.012964e-03	5.241775e-03	1.465366e-02	1.085042e-02	4.422696e-03	5.524692e-03	-6.417949e-03	3.619128e-03	-4.579083e-03	4.393033e-03	4.084512e-03	-3.421786e-03	1.414458e-02	-4.505823e-03	-2.747533e-03	-7.730151e-03	1.046704e-02	1.903449e-03	-1.108438e-02	-1.396267e-02	-9.238471e-04	-4.223553e-03	-1.283123e-02	-5.937980e-03	-1.694588e-03	-8.347206e-03	-1.838943e-02	-2.779314e-03	0	-2.242282e-02	-7.620584e-03	-3.108167e-04	-2.186518e-02	1.907236e-03	-1.870140e-02
005_pair	-6.296005e-03	-3.855855e-03	-1.912830e-03	3.335484e-03	7.164082e-04	2.528823e-03	1.231837e-03	2.486550e-03	1.526455e-03	-5.124853e-05	-1.621147e-03	5.593378e-03	1.510892e-03	3.248010e-03	-4.747682e-03	1.317137e-03	1.112166e-04	-3.572139e-03	2.729781e-02	-3.638959e-02	8.224531e-04	-1.612072e-03	5.519829e-01	5.496347e-01	1.554010e-03	-1.355289e-03	-1.049161e-02	-1.199445e-02	-9.375264e-03	-1.082909e-02	-1.029737e-02	0	0	-1.972985e-02	-1.766966e-02	-6.536118e-03	-1.103995e-02	-8.333671e-04	-1.631028e-02
006_pair	-1.666061e-03	-2.907563e-03	-2.120324e-03	4.094296e-03	3.995544e-03	3.346794e-03	6.001662e-04	2.423939e-03	1.008515e-03	4.982333e-03	6.982858e-04	5.863107e-03	1.888081e-03	2.397593e-03	-1.795064e-03	3.722161e-03	2.819400e-03	-5.111069e-04	-2.769706e-03	2.420305e-03	-2.256744e-03	-4.911482e-03	-1.393467e-03	-1.151634e-03	1.016965e-03	-1.569499e-06	-5.481385e-03	-7.607321e-03	-6.167497e-03	-8.424265e-03	-6.129125e-03	1.877283e-03	1.877283e-03	-9.277019e-03	-1.103111e-02	-4.113604e-04	-3.733777e-03	-2.885367e-03	-9.036289e-03
009_pair	-6.162283e-03	-3.430761e-03	-3.264104e-03	3.074311e-03	2.982720e-03	2.690380e-03	1.537374e-02	8.712621e-03	6.113877e-03	-1.438301e-03	-2.350632e-03	2.297411e-03	7.012899e-04	1.022420e-02	3.676728e-03	1.384516e-03	1.811796e-02	-7.357853e-03	-3.982778e-04	-4.018950e-03	-1.985612e-03	-1.393500e-03	-4.491386e-03	-1.140257e-02	6.153828e-03	-1.108851e-02	-1.290496e-02	-2.829700e-03	-3.932054e-03	-1.123436e-02	-1.807754e-02	2.362452e-04	5.064155e-03	-1.047364e-02	-1.377989e-02	1.064537e-03	-3.057787e-02	0	-1.517149e-02
010_pair	-3.348947e-03	6.108878e-04	0	2.195650e-03	6.362053e-04	1.588416e-03	-3.629770e-03	1.603260e-03	-3.524071e-03	4.705675e-03	-2.419666e-03	5.893458e-03	9.869246e-04	5.891405e-03	-3.280503e-03	3.225156e-03	2.253277e-03	2.311947e-04	-1.945865e-03	-1.651372e-03	-2.010891e-03	-4.620829e-04	1.668396e-03	1.668396e-03	-7.930939e-03	-3.295284e-03	-5.495063e-03	-8.904320e-03	-7.693206e-03	-5.979850e-03	-3.110067e-03	-9.266276e-04	3.069236e-03	5.925563e-04	-7.631726e-03	-4.284071e-03	-3.270070e-03	1.313633e-03	-6.881325e-03
012_pair	-2.935928e-03	-4.919485e-04	-2.790286e-04	2.664959e-03	2.844202e-03	4.532485e-03	9.402819e-03	6.154891e-03	1.678734e-03	3.759039e-03	-4.456938e-03	7.214993e-03	3.067230e-04	5.198906e-03	-3.582355e-03	-2.068078e-03	1.242852e-02	-3.345897e-03	-3.912568e-03	-5.323409e-03	8.787106e-03	1.148985e-03	-7.939929e-03	-1.008661e-02	8.607135e-03	-6.731756e-03	-1.000254e-02	-3.668312e-03	-6.588199e-04	-6.786303e-03	-1.224092e-02	6.611413e-03	8.216851e-03	-2.058185e-02	-1.581436e-02	4.891632e-03	-1.916784e-02	-3.156117e-03	-1.098149e-02
015_pair	-2.168219e-03	-2.558966e-03	-2.401763e-03	1.139161e-03	3.726647e-03	3.490592e-03	9.076294e-03	7.461942e-03	3.949744e-03	3.214341e-03	-5.286147e-03	4.106607e-03	-4.162190e-03	2.273934e-03	2.486859e-03	-3.329247e-03	8.900520e-03	-4.745644e-03	-1.674144e-03	-4.926853e-03	3.188676e-03	-5.916908e-05	-8.055617e-03	-6.804847e-03	6.615301e-03	-6.199064e-03	-6.484772e-03	-4.689653e-03	-1.137819e-03	-9.390124e-04	-1.239695e-02	1.103278e-03	1.820213e-03	-1.236796e-02	-2.953241e-03	4.560955e-03	-1.857230e-02	-1.024513e-03	-9.452400e-03
016_pair	-2.301727e-03	7.676318e-04	-6.911571e-04	-2.608427e-03	6.651276e-03	-1.532636e-03	1.026768e-02	5.676866e-01	1.148124e-03	-1.360259e-03	1.861099e-03	-6.977391e-03	-3.356549e-03	-1.980130e-03	-2.637191e-04	-6.332665e-03	7.304418e-03	4.372706e-03	4.146149e-03	-7.246872e-04	3.050454e-03	3.965137e-03	-1.234500e-02	-9.758960e-03	-5.197700e-03	-3.635703e-03	-3.569728e-03	7.271837e-03	6.061104e-03	7.708594e-03	-5.101696e-03	-9.635047e-01	-8.955926e-05	2.986435e-04	1.350841e-02	1.191828e-02	-4.610962e-03	-7.280730e-04	7.038389e-03
019_pair	-3.146132e-03	-6.478172e-03	3.839805e-03	-2.771503e-03	-3.368088e-04	-8.300522e-04	2.390490e-03	-5.056776e-03	5.847928e-03	-4.842348e-03	9.398070e-03	-4.266363e-03	-5.070120e-03	-1.889799e-04	-6.023232e-03	-1.817046e-04	1.035172e-02	2.331755e-03	3.445821e-04	-9.430273e-03	3.489253e-05	3.589263e-03	7.918219e-03	-6.305944e-03	7.021049e-03	0	1.239538e-04	1.917632e-03	5.694693e-03	2.116719e-02	-2.654597e-03	7.218496e-03	7.218496e-03	1.318006e-02	2.005297e-04	1.207794e-02	-1.470362e-02	6.513455e-03	5.811311e-03
020_pair	3.161539e-03	1.400828e-04	5.602674e-01	-1.647188e-03	-3.658153e-04	-4.887661e-04	5.878740e-05	-5.082458e-04	-6.722718e-04	-6.722718e-04	-1.409421e-03	-1.215925e-02	-5.437313e-04	-3.701208e-04	4.446029e-05	-5.298111e-04	2.183838e-04	1.396015e-03	1.546455e-03	1.214712e-03	5.251974e-04	-1.897658e-02	-6.977764e-04	-6.977764e-04	8.497706e-04	2.211120e-03	9.014016e-04	3.942751e-03	-1.091569e-02	-3.637780e-03	1.425286e-03	-2.491780e-02	-1.762752e-04	9.576416e-03	8.114568e-03	-6.307169e-01	4.257119e-03	-3.903690e-04	1.349368e-04
023_pair	-2.409492e-04	-3.897767e-03	-1.698400e-03	3.255800e-03	1.317934e-04	3.241332e-03	3.896920e-03	4.415695e-03	3.544104e-03	3.087633e-03	-4.901865e-03	5.721966e-03	1.388823e-03	-7.115569e-05	-3.637403e-03	4.099164e-03	3.195623e-03	-4.990607e-03	-3.630185e-03	-6.709770e-04	5.746733e-03	-2.337521e-02	2.379268e-04	-8.823332e-04	6.443056e-03	-1.051842e-03	-7.971518e-03	-1.441214e-02	-8.475608e-03	-1.828289e-02	5.447747e-01	1.290663e-03	1.290663e-03	-3.006384e-02	-2.417924e-02	-1.043020e-03	-5.724424e-03	-2.993294e-03	-2.185722e-02
025_pair	-1.767174e-03	-8.814893e-04	-7.063808e-04	2.925430e-04	3.017976e-03	4.682292e-03	7.738786e-03	4.433028e-03	2.883443e-03	2.883443e-03	-3.746054e-03	3.678323e-03	-3.104587e-03	2.108870e-03	2.882308e-03	-8.165805e-04	7.433270e-03	-4.627864e-03	9.679070e-04	-4.510319e-03	4.358353e-03	1.010067e-05	-5.222105e-03	-8.416901e-03	2.926877e-03	-3.380776e-03	-8.740993e-03	-1.103396e-03	-1.397208e-03	-8.464993e-03	-9.475901e-03	-4.418144e-03	4.207335e-03	-1.382217e-02	-1.233824e-02	3.879400e-03	-1.468466e-02	-1.527744e-03	-1.050110e-02
026_pair	5.796346e-04	4.189870e-04	4.300237e-03	3.189698e-03	2.303351e-03	0	1.005111e-02	9.709708e-03	5.901411e-03	2.868380e-03	-5.992460e-03	3.165623e-03	-6.380377e-03	3.503879e-03	-1.904931e-03	4.134492e-04	8.672982e-03	-4.223789e-03	-7.480514e-03	-5.274318e-03	-4.356289e-03	-2.803187e-02	-5.641934e-03	-1.061710e-02	6.210738e-03	-2.181018e-03	-1.829493e-02	-9.622852e-03	-1.927472e-03	-1.502362e-02	-1.846319e-02	-1.264613e-02	6.602526e-03	-2.959961e-02	-1.975541e-02	5.578985e-03	-2.579174e-02	-5.041543e-03	-2.212384e-02
027_pair	4.492204e-05	2.092956e-05	1.128125e-04	3.768093e-04	1.711752e-04	-1.660956e-04	2.614776e-04	6.461579e-05	-1.194754e-03	-1.092972e-04	7.609020e-04	-2.109692e-04	-1.863956e-03	-3.809623e-04	4.887832e-04	-1.090535e-03	0	-2.830626e-04	2.938499e-04	-1.603154e-04	-3.145115e-04	1.990093e-03	-1.779548e-03	-1.130917e-03	-3.118740e-04	9.696061e-04	-1.305615e-03	1.205474e-03	5.502036e-04	1.851340e-03	1.780371e-03	2.130005e-03	-5.973125e-04	4.777471e-03	1.948377e-03	-1.952452e-03	1.453025e-04	-1.310795e-03	1.812233e-03
030_pair	-6.078981e-04	-1.570606e-03	5.847224e-02	-7.400795e-04	-6.199316e-04	-3.863483e-04	-1.761033e-03	-7.202113e-04	-1.932827e-03	2.832849e-04	5.214263e-04	6.958807e-04	6.123243e-04	2.250177e-05	-2.497113e-02	5.466422e-04	-3.637131e-04	0	-1.352754e-03	-3.577989e-05	1.978175e-03	1.272789e-03	4.581965e-04	1.169903e-03	-6.134224e-05	7.635543e-04	-4.474457e-04	-1.045556e-03	-1.913821e-03	6.550146e-04	-2.649779e-04	-2.380803e-02	-2.163473e-03	4.380147e-03	1.734546e-03	-2.662697e-03	4.995704e-04	7.709050e-04	6.871929e-04
032_pair	-8.429398e-03	-4.463851e-03	-1.159686e-03	0	8.100596e-03	-1.373059e-03	6.019450e-03	9.863532e-03	7.396939e-03	2.974412e-03	-6.402050e-03	2.828488e-03	1.231880e-04	2.025422e-03	-2.007793e-03	-5.308590e-03	4.533843e-03	-2.966594e-03	-2.561244e-03	-1.438399e-03	-9.186615e-03	4.924523e-03	5.295295e-01	5.279444e-01	1.297548e-02	-6.852451e-03	-2.015554e-02	-1.280594e-02	-7.775444e-04	-1.971568e-02	-3.456936e-02	-9.162158e-04	6.108447e-03	-6.206799e-02	-3.726280e-02	1.171565e-03	-2.860645e-02	-2.230153e-03	-3.471965e-02
033_pair	1.066778e-03	9.446861e-04	-1.210381e-03	-1.621526e-03	-4.670384e-04	-5.754196e-04	1.189228e-03	-6.228415e-04	1.089323e-04	-1.439658e-03	2.659867e-03	-1.161937e-02	-5.603826e-04	-2.258918e-03	-7.958074e-04	-2.301596e-03	-3.073078e-04	3.115877e-04	-3.727392e-04	9.867291e-04	3.339871e-04	-1.935895e-03	2.338426e-02	2.405148e-02	-3.174191e-04	-8.817792e-04	2.258270e-03	2.039519e-03	2.628728e-03	-2.783269e-02	5.047182e-03	2.732708e-03	0	2.196321e-03	-1.347715e-03	-2.203516e-02	3.417423e-03	-1.525612e-03	-1.599565e-04
039_pair	-5.355289e-04	1.532846e-03	-1.122053e-03	-2.174444e-04	9.426030e-04	9.813161e-04	-3.997101e-04	2.158868e-03	2.130652e-03	9.138315e-04	-1.828869e-03	2.148499e-03	9.096140e-04	-4.378557e-05	-1.753711e-03	1.441711e-03	1.690556e-03	-1.097401e-03	-9.528800e-04	-1.833385e-03	1.407668e-04	1.505779e-04	-6.583762e-04	-2.256790e-03	2.483251e-03	1.685984e-04	-8.875966e-04	-5.654969e-03	-3.905959e-03	-7.495164e-04	-3.392605e-03	-7.415959e-05	9.248459e-04	-1.966042e-03	-1.993837e-03	-1.532247e-03	-3.353057e-04	0	-3.190585e-04
044_pair	-8.049642e-05	-1.924589e-03	2.398212e-03	1.615996e-03	1.153306e-03	1.222422e-03	-1.091074e-03	2.324229e-03	-1.620895e-03	5.257453e-04	-1.555760e-03	1.626788e-03	7.863874e-04	3.117699e-03	-8.298653e-04	1.606046e-03	-8.803954e-05	-1.457591e-03	2.284112e-03	0	-2.025889e-03	-1.489173e-03	1.849198e-03	-9.796747e-05	2.759163e-03	-2.598037e-03	-3.951874e-03	-7.043997e-03	-5.359586e-03	-2.687654e-03	-1.309325e-03	-6.175367e-04	7.090654e-04	1.142798e-04	-2.555788e-03	-9.543830e-03	-4.906634e-03	-9.131873e-04	-1.921269e-03
048_pair	-4.743347e-03	-8.251625e-04	-4.884853e-03	-3.299430e-03	-1.074164e-03	4.358630e-01	1.273098e-03	1.255814e-02	2.926051e-03	-4.126426e-03	1.598410e-03	5.512333e-04	1.888207e-03	4.847776e-03	3.111950e-03	-4.946594e-03	7.618854e-03	-1.387479e-03	3.268333e-03	-2.059246e-03	5.996758e-03	-1.646906e-03	-1.550025e-03	1.641744e-04	6.366477e-03	-4.741218e-03	-8.715436e-03	3.710799e-03	1.662472e-03	-4.335505e-02	-8.852201e-03	-1.575084e-02	5.310255e-03	8.487526e-03	6.412933e-03	3.428571e-03	-3.757167e-03	-6.041346e-04	3.349360e-03
056_pair	3.896794e-03	1.454070e-03	1.749606e-03	5.834616e-04	5.434150e-05	-2.638051e-03	-1.488479e-03	-2.407348e-03	-1.317431e-03	-2.566643e-03	1.693217e-04	-1.289544e-03	-1.575317e-03	-2.671125e-04	3.034258e-03	-2.474037e-03	-6.569047e-04	2.621463e-03	0	-5.487042e-04	-1.227772e-06	4.046338e-04	-3.091466e-03	-3.273599e-03	-1.612436e-03	2.849340e-03	3.107342e-03	1.008445e-02	4.645484e-03	6.253303e-03	4.976926e-03	-3.856754e-04	-1.210300e-03	9.080703e-03	9.080703e-03	2.377951e-03	8.015440e-03	2.309177e-03	9.378137e-03
058_pair	-4.254551e-03	7.468013e-04	6.626783e-03	1.895668e-03	3.235014e-03	1.411603e-03	3.085956e-03	3.555378e-05	-1.931215e-03	3.530571e-04	-1.610631e-03	-5.106189e-04	5.685490e-03	-1.464158e-03	2.041278e-04	-3.498953e-04	3.064275e-03	3.765669e-03	-3.143766e-03	2.228681e-03	3.747456e-03	-1.612802e-02	-1.156962e-03	-1.038104e-02	3.418194e-03	-1.433657e-03	-6.726289e-03	-2.056735e-02	-5.452029e-03	-9.637551e-03	-2.042642e-02	-4.251103e-03	8.537209e-03	-4.290643e-02	-3.438483e-02	1.126214e-02	-1.439419e-02	3.397309e-03	-1.282942e-02
060_pair	-1.643433e-03	-6.019280e-03	1.535792e-03	-1.644089e-03	-1.051299e-03	2.350465e-04	2.986184e-03	4.843076e-03	1.674233e-03	-3.930030e-04	-6.713999e-03	-1.321650e-03	3.719047e-03	9.079108e-04	-2.086863e-03	-1.329225e-03	-2.244230e-03	-8.799969e-03	-1.332558e-02	4.475254e-04	2.848152e-03	-2.084229e-03	5.526691e-01	5.526191e-01	7.687756e-03	-5.775321e-04	-8.095433e-03	-1.557924e-02	-5.708664e-03	-2.039620e-02	-1.563323e-02	1.635239e-03	1.635239e-03	-4.084844e-02	-2.571486e-02	9.807389e-04	-1.242630e-02	1.870382e-04	-1.954115e-02
063_pair	1.548253e-03	4.442917e-04	-1.875976e-04	1.212596e-03	-1.525008e-03	0	-1.636664e-03	-1.399251e-03	-1.045820e-03	-1.608978e-03	-1.513596e-03	-4.845427e-03	-2.142864e-03	-3.120029e-04	1.609502e-03	-9.542055e-04	3.735508e-04	1.660186e-03	1.082122e-03	1.566614e-03	-1.542617e-03	2.196935e-03	-1.871314e-03	-2.490206e-03	4.384567e-04	-5.155859e-04	-1.526571e-04	3.612976e-03	-2.638473e-04	6.293082e-03	4.036124e-03	4.472312e-03	3.552355e-04	1.176224e-02	5.858322e-03	1.452376e-03	1.028655e-02	1.387925e-03	9.158029e-03
064_pair	-4.452365e-03	-4.330557e-04	-1.367198e-03	5.979901e-04	1.882102e-03	-1.766950e-03	5.805025e-03	1.247653e-03	-2.813355e-04	-1.124647e-03	-4.109844e-03	1.408356e-03	1.535705e-03	-3.262663e-03	-2.344221e-04	5.643699e-01	3.687611e-03	-1.183983e-03	-7.818592e-03	2.297213e-03	-7.258477e-04	8.405824e-04	5.518158e-01	5.481266e-01	9.218257e-04	-1.364320e-03	-5.503208e-03	-1.207147e-02	-7.948181e-04	-9.591801e-03	-1.568931e-02	1.622823e-04	2.098107e-03	-3.395002e-02	-1.211942e-02	1.142222e-02	-6.224358e-03	-2.527236e-03	-1.612583e-02
082_pair	-2.803635e-03	-9.693096e-04	-6.445188e-04	7.827264e-04	-1.208324e-05	-9.999560e-06	1.785743e-04	2.390470e-03	2.219810e-04	2.219810e-04	-1.735896e-03	3.803173e-03	4.575809e-04	9.066871e-04	2.224727e-03	-4.233180e-04	1.213901e-03	-1.531442e-03	-1.924285e-03	-1.220520e-03	-4.613626e-04	-1.091364e-03	5.606182e-01	5.588364e-01	1.437264e-03	2.493303e-03	-2.058184e-03	-5.969276e-03	-1.273331e-03	-3.165291e-03	-3.583405e-03	-3.793203e-04	-3.176504e-04	-7.116007e-03	-6.102569e-03	0	-6.629869e-03	3.214608e-04	-5.065946e-03
083_pair	4.096706e-04	1.543297e-03	4.446592e-03	8.377327e-04	-9.958484e-05	-5.848511e-04	-1.392438e-04	2.218952e-03	1.549425e-03	1.473569e-03	-1.276825e-03	-7.086513e-04	7.177526e-04	1.218692e-03	-1.678329e-03	2.577283e-04	1.156241e-03	-1.282616e-03	-1.245721e-03	-1.685332e-03	2.300594e-03	-3.302018e-04	-2.343790e-03	-3.410490e-03	1.156877e-03	1.802930e-03	-1.160358e-03	-4.859336e-03	-1.267242e-03	-1.879129e-03	-3.225600e-03	-1.085440e-03	-1.101835e-03	-3.072547e-03	-4.178774e-03	-2.851613e-03	-1.683028e-03	-1.864070e-03	-3.978785e-03
084_pair	1.364294e-03	8.985785e-04	-8.744672e-04	-4.298117e-04	1.229566e-03	-7.642663e-04	-1.694234e-03	-3.346066e-04	-2.900590e-04	-4.482407e-04	1.151500e-04	9.287930e-04	-4.304766e-04	9.424852e-04	5.586190e-06	-2.282367e-04	-5.684069e-04	1.466673e-03	-4.699288e-04	5.118217e-04	7.892469e-04	9.741605e-04	-3.155717e-03	-3.175748e-03	-2.830221e-04	3.988844e-03	2.027883e-03	2.342191e-03	4.374437e-04	-8.117027e-04	1.578293e-03	-1.022388e-03	-1.543962e-04	8.856226e-03	1.535627e-03	-2.164104e-04	5.606258e-04	5.249727e-04	2.209075e-03
090_pair	-4.696014e-03	1.287582e-04	-1.212686e-03	4.486060e-04	-5.719268e-04	1.018132e-03	1.710631e-03	3.462204e-03	1.898807e-03	-1.321651e-04	-1.945794e-03	3.073467e-03	2.508059e-03	2.321643e-03	-3.545947e-03	2.159522e-03	3.988656e-03	-2.201926e-03	-1.981170e-03	-2.485143e-03	-2.566201e-04	-1.435834e-03	4.858736e-04	-1.367143e-03	4.690980e-03	-1.682219e-03	-4.947271e-03	-6.554185e-03	-4.727659e-03	-1.752095e-03	-4.816520e-03	9.049167e-05	1.686236e-03	-1.184043e-02	-1.240537e-02	-1.008009e-03	-8.155082e-03	2.639362e-03	-7.153815e-03
1056_pair	9.487636e-04	3.727214e-04	-1.366370e-03	1.781018e-03	9.991769e-04	-2.349443e-03	-1.982790e-03	-2.280001e-03	3.078016e-03	3.540946e-04	7.191309e-04	-2.600810e-03	1.443332e-03	-2.097577e-03	-1.956893e-03	-4.994356e-03	-2.506949e-03	5.674466e-04	1.689538e-03	2.561841e-04	-3.544306e-03	6.510520e-04	-5.146653e-03	-5.460671e-03	1.216101e-03	1.720547e-03	2.675849e-03	1.827071e-03	4.373530e-04	-1.037021e-02	-1.258004e-03	1.663116e-03	2.327022e-03	-2.131539e-03	3.075397e-03	-6.432156e-05	4.780023e-03	2.491359e-03	1.371051e-03
1059_pair	-3.001982e-04	-2.457233e-03	4.804402e-03	9.891712e-04	3.000533e-03	-1.128152e-03	3.990635e-03	-3.912187e-04	-6.358165e-04	5.136926e-04	2.967233e-03	1.300313e-03	2.404717e-03	-2.167147e-03	-7.423032e-04	1.632196e-03	-2.996918e-03	-8.983027e-04	-6.815081e-03	7.537027e-04	2.169830e-04	-2.992837e-03	4.092820e-04	-3.678758e-03	1.590993e-03	9.276232e-04	-4.310631e-04	-6.421060e-03	-1.529411e-03	-3.006763e-03	-5.105234e-03	-4.965105e-03	3.945665e-03	-8.669345e-03	2.265288e-03	2.004317e-03	-3.366869e-03	1.904146e-03	-3.409548e-03
1076_pair	-1.095965e-03	0	-1.248822e-03	2.003404e-03	1.950149e-03	1.123993e-03	2.029616e-03	5.092673e-03	2.929422e-03	2.929422e-03	-2.736272e-03	3.836326e-03	-1.463555e-03	1.990113e-03	-2.086735e-03	3.264937e-03	-4.453839e-03	-1.764738e-03	-6.629652e-04	-3.917685e-03	1.527244e-03	-2.925064e-03	-1.417275e-02	-2.793752e-03	1.337042e-03	-7.589377e-04	-1.009847e-02	-5.419656e-03	-4.362304e-03	-5.347659e-03	-6.927811e-03	-1.031232e-02	9.395728e-04	-8.135383e-03	-1.297788e-02	-1.041092e-03	-1.351340e-02	-2.383000e-03	-9.303365e-03
1078_pair	-8.639886e-04	6.885077e-05	-1.232487e-03	-7.684966e-04	3.046787e-04	-3.211129e-04	7.011749e-04	-9.111399e-04	-6.463269e-04	-1.328133e-03	0	-2.244252e-04	2.716694e-04	1.150727e-04	1.361883e-03	4.938898e-05	-2.432374e-04	1.243999e-03	-1.884610e-04	-9.515007e-04	1.212807e-03	8.534355e-04	-4.036236e-03	-3.471957e-03	1.823827e-03	1.046191e-03	2.505968e-04	-4.247636e-04	8.300300e-04	1.872523e-03	6.565864e-05	-2.329327e-03	-6.921015e-04	3.523225e-03	-2.393594e-04	2.016973e-03	2.575779e-03	-1.635787e-04	-1.095245e-04
1101_pair	-4.429185e-05	-9.644300e-05	1.998639e-03	-2.614292e-05	5.781129e-04	1.567657e-04	-4.349067e-04	-2.144473e-03	-8.560548e-04	-6.094059e-05	-1.702491e-04	-1.589866e-03	1.495135e-03	-8.681964e-04	-3.766778e-04	-1.132706e-03	6.545252e-04	-3.766119e-05	-4.262372e-03	1.137667e-03	-8.925931e-04	1.595888e-03	-4.765627e-03	-4.357688e-03	1.210504e-03	1.320226e-03	1.984652e-04	-1.429275e-03	7.083893e-04	-1.067520e-03	-1.435944e-03	-1.464448e-03	1.228131e-03	8.648739e-04	2.666035e-03	3.465259e-03	1.053209e-03	2.660891e-04	1.793224e-03
115_pair	-3.536492e-03	-4.052289e-03	-7.731714e-03	1.083130e-02	-3.120166e-03	7.615450e-03	-3.541072e-03	3.004327e-03	1.912033e-03	7.136241e-03	-5.996787e-03	8.399730e-03	5.526154e-03	5.084952e-03	3.608088e-03	3.608088e-03	7.100983e-03	-6.476500e-03	-4.567143e-03	-3.659489e-03	-3.278923e-03	-1.697330e-03	3.757171e-03	1.817938e-03	6.449945e-04	-2.098475e-03	-1.548682e-02	-1.569557e-02	-2.036954e-02	-1.368940e-02	-1.064550e-02	4.667212e-04	4.667212e-04	-1.856215e-02	-1.710789e-02	-8.196394e-03	-8.990513e-03	-1.032058e-02	-1.981394e-02
1164_pair	4.649007e-04	2.190549e-03	-1.040890e-04	5.559107e-04	5.218209e-04	-8.831646e-04	1.226553e-04	-5.558993e-05	3.546659e-04	-8.680748e-05	8.864875e-04	-2.680712e-05	1.997250e-03	1.062856e-03	-2.464709e-03	-9.687570e-04	3.530800e-04	-3.432831e-04	-3.030570e-03	4.807754e-04	3.194411e-04	2.415284e-03	-4.783052e-03	-3.732334e-03	-7.017970e-03	1.499451e-04	-1.597425e-03	-3.546729e-03	-5.347039e-04	1.734777e-03	-2.831319e-03	-1.478041e-03	-2.834505e-04	-9.330790e-03	-5.056682e-03	4.915766e-04	3.624542e-04	-1.946233e-03	-6.261388e-04
1169_pair	-1.338767e-03	-3.315234e-03	7.066747e-04	1.159430e-03	2.087635e-04	7.850728e-04	-3.534146e-04	1.749775e-03	-4.458329e-03	1.224906e-03	1.655914e-03	3.622257e-03	4.048603e-04	5.396542e-05	1.954117e-03	1.099776e-03	-2.234239e-03	-3.433811e-03	-8.445535e-03	-1.138180e-03	-2.534571e-03	-1.543057e-03	5.516937e-01	5.532026e-01	1.679386e-03	-7.118582e-03	-4.084344e-03	-1.100228e-02	-7.592447e-03	-7.582094e-03	-6.171672e-03	-5.799116e-03	-2.037590e-03	-1.490055e-02	-5.884181e-03	-2.372487e-03	-6.399510e-03	-3.613748e-03	-6.665286e-03
1179_pair	-4.101931e-04	9.166048e-04	-1.605005e-03	-4.059335e-04	1.229617e-04	1.302079e-03	-1.068429e-03	4.422550e-04	8.281333e-04	-6.629399e-04	6.363991e-04	-3.677674e-04	-1.841836e-04	0	1.044865e-04	-1.753005e-03	3.695601e-04	7.141917e-04	8.808645e-04	1.331199e-04	5.998043e-04	2.822520e-03	3.626617e-04	-6.211240e-04	-3.339109e-03	1.047539e-03	3.811554e-04	-1.666808e-03	-1.274684e-03	5.749372e-04	1.881711e-04	1.658277e-04	-3.312992e-04	1.198566e-03	4.800543e-04	-2.549135e-03	-9.415989e-04	-2.265963e-03	-1.971086e-03
1183_pair	-4.809047e-03	-4.809047e-03	4.896726e-01	4.900276e-03	4.776597e-03	7.893866e-03	-1.863314e-01	1.065601e-02	9.801543e-03	4.140702e-03	-5.052410e-03	-9.554956e-01	4.304619e-03	6.167746e-03	-2.888573e-03	6.071915e-03	8.732611e-03	-3.240433e-03	-3.260821e-03	-3.952196e-03	4.156586e-01	-4.019971e-03	5.552874e-03	-7.431599e-04	2.794086e-03	-2.884449e-03	-6.224081e-03	-1.214108e-02	1.956540e-03	-9.741305e-01	-1.175262e-02	-8.749208e-04	7.826525e-03	-1.334992e-02	-9.075014e-03	2.106893e-03	-1.438958e-02	1.617496e-01	-1.448859e-02
1191_pair	-2.068072e-04	-1.396403e-04	-5.282737e-04	-7.994044e-05	2.204249e-03	-1.280043e-03	-6.682273e-04	-7.106637e-04	2.796204e-04	6.008338e-04	2.489499e-04	-1.615940e-03	-3.800464e-04	5.276572e-04	4.285702e-03	-1.150432e-03	1.596501e-03	8.012063e-04	1.157311e-03	1.539108e-03	1.732836e-03	-9.271866e-04	4.704544e-01	4.700498e-01	-1.488666e-03	5.391539e-04	2.167424e-03	1.253911e-03	1.885503e-03	3.677034e-04	2.544902e-04	-2.202483e-03	6.881232e-04	2.465828e-03	1.027199e-03	3.520738e-03	3.718440e-04	-8.155622e-04	-2.752269e-03
1192_pair	-4.360825e-04	-1.662746e-03	4.905177e-05	4.661007e-04	6.048940e-04	1.963072e-04	5.510530e-04	1.279163e-03	1.352225e-04	-9.801562e-04	-1.033250e-03	2.267721e-03	1.142856e-03	5.848254e-04	1.298761e-03	-7.478645e-04	-4.172455e-05	-4.820811e-04	-1.187699e-03	1.574430e-03	-2.494829e-03	-5.617415e-03	5.578732e-01	5.552429e-01	1.711801e-03	3.317863e-03	-1.673777e-03	-1.778976e-03	-2.594275e-03	2.170028e-03	-1.443192e-03	-1.906687e-03	-1.153427e-03	1.528451e-03	-3.118940e-03	-2.655338e-04	-1.516619e-03	-3.273895e-03	-3.369145e-03
122_pair	5.891083e-04	7.146208e-05	1.569835e-04	-8.000974e-04	-5.406736e-04	-3.880296e-04	-1.510269e-03	3.833355e-04	-5.337533e-04	6.722040e-04	-9.257594e-04	-5.767266e-04	-1.456020e-03	5.630797e-04	1.443505e-03	-1.107388e-04	-8.734930e-04	2.799650e-04	2.818546e-04	0	1.865562e-03	2.672346e-04	-5.162598e-03	-4.021685e-03	-2.476599e-04	1.898386e-03	9.442463e-04	1.524492e-03	2.394564e-03	2.737464e-03	4.314851e-03	-1.673558e-04	-1.684783e-03	5.238775e-03	4.954947e-03	1.394163e-04	1.436293e-03	4.592904e-04	1.433039e-03
125_pair	2.049644e-03	-1.315108e-03	5.178892e-04	8.611952e-04	-1.546813e-04	-2.582665e-03	2.915345e-03	-3.294821e-04	1.619412e-03	-4.421349e-04	1.674173e-03	-6.675331e-04	2.776779e-03	-2.988567e-04	-1.127993e-03	-1.662893e-04	-2.331053e-04	-1.037325e-03	-5.542287e-03	2.212597e-04	2.256170e-03	3.974737e-03	-5.070050e-03	-4.122430e-03	-5.278850e-03	-1.277511e-03	9.366868e-05	-1.625182e-03	3.600566e-03	-2.716095e-03	-6.020596e-03	-4.624582e-03	2.211662e-03	3.142502e-04	3.544578e-03	4.280510e-03	3.193214e-04	3.876566e-04	1.732673e-03
1267_pair	-8.251308e-05	1.135157e-03	5.367683e-04	7.316727e-04	2.527447e-03	2.201250e-04	4.536055e-05	8.480443e-04	-2.459832e-04	-2.459832e-04	1.334092e-03	8.872736e-05	2.057136e-03	-1.409261e-03	-1.520604e-03	-1.345586e-03	1.032732e-03	7.461146e-04	-5.509729e-03	1.141001e-03	1.124913e-03	9.310680e-04	-3.068101e-03	-2.758233e-03	-2.233196e-04	7.749585e-04	-1.487925e-03	-1.813075e-03	6.132614e-04	-2.217708e-03	-2.500456e-03	-4.885461e-04	2.691623e-04	-7.706608e-03	-5.011656e-03	3.871578e-03	-6.955336e-04	-3.428992e-03	-2.546990e-03
1276_pair	6.286047e-04	-1.408662e-04	-3.950389e-04	6.461613e-04	1.079339e-04	-5.585199e-04	-3.518027e-04	-1.235532e-04	7.613692e-05	-2.833908e-04	-6.732793e-04	7.320672e-04	-1.133010e-04	8.100924e-04	9.106587e-04	-6.748941e-05	-1.934287e-04	9.624250e-04	1.384253e-03	1.812890e-04	-1.775040e-04	1.451820e-03	-1.701964e-03	-2.295832e-03	1.327910e-03	1.672214e-03	-2.175266e-04	-9.463383e-04	-3.280280e-04	4.374728e-04	6.795408e-04	2.792752e-03	0	4.816769e-03	2.153275e-03	-4.005191e-04	5.897446e-05	-1.726904e-03	-2.819906e-03
128_pair	-4.873506e-05	8.928589e-04	4.250182e-02	3.483029e-04	2.602617e-03	-8.230605e-04	-1.779580e-03	-1.318873e-03	1.016984e-03	2.565832e-05	1.812764e-03	-2.546311e-04	-3.013612e-04	-1.192661e-03	-6.793471e-01	4.533000e-01	3.652737e-04	2.465771e-05	4.783966e-03	2.398035e-03	3.714391e-05	-2.772972e-03	-8.980383e-03	-7.872449e-03	-2.208241e-04	-8.735484e-04	-1.028939e-03	4.752165e-03	6.936197e-04	5.082429e-03	2.178405e-03	-1.574159e-03	-2.143104e-03	-2.390614e-04	3.152706e-04	2.716111e-03	-8.048183e-04	-9.269283e-04	3.525953e-04
1292_pair	2.988505e-03	-3.979972e-03	1.005267e-03	2.076119e-03	2.930477e-03	0	-5.560838e-03	-8.411239e-04	-2.342742e-05	-2.668442e-04	9.430048e-04	-4.127093e-03	2.194084e-03	-3.043213e-06	-3.120050e-02	4.052220e-03	-6.159152e-02	1.160708e-01	1.197410e-03	1.635753e-03	7.216904e-04	3.029672e-03	-1.277369e-02	-1.167697e-03	-4.791616e-03	8.584511e-04	1.027064e-03	-8.840606e-04	-9.429929e-03	-7.912598e-01	-6.815234e-03	9.006308e-04	2.356083e-04	-6.567451e-03	6.198067e-03	4.746870e-03	-6.230603e-03	8.522987e-05	-3.057142e-03
1297_pair	-7.656526e-03	-3.149740e-03	3.120529e-03	1.295250e-03	2.110331e-03	1.779146e-02	-1.510487e-01	2.257155e-03	2.483576e-03	1.695267e-04	-1.350214e-03	-6.570048e-02	2.405502e-03	6.611795e-04	-2.218649e-03	4.789487e-03	3.595031e-03	-2.935434e-04	-4.210466e-03	-7.108814e-05	4.125116e-03	-3.913168e-04	-1.104667e-03	-4.962748e-03	2.824232e-03	0	1.117442e-03	-1.332405e-02	-1.450872e-03	-1.484878e-02	-1.330077e-02	-1.653891e-01	2.827429e-03	-2.408309e-02	-1.183412e-02	-1.038341e-03	-7.398069e-03	1.683474e-02	-1.128911e-02
1319_pair	-1.599641e-04	-1.599641e-04	4.110814e-05	1.969956e-04	2.131109e-04	-9.108762e-04	-1.413391e-05	2.048555e-04	2.667383e-03	-3.628873e-04	8.441701e-04	-4.581477e-04	9.319442e-04	-7.902320e-04	-8.595025e-04	5.642190e-04	3.239047e-03	1.089164e-03	-2.296232e-03	-1.891157e-04	1.019001e-03	3.165411e-04	-1.210950e-03	-1.126435e-03	1.695740e-03	5.007088e-04	8.898148e-04	-5.441649e-04	1.828774e-03	4.478216e-03	-1.015005e-03	8.017735e-04	-5.820165e-04	1.647009e-03	4.969043e-03	1.321746e-03	0	-6.699111e-04	-2.599645e-03
1323_pair	-6.442415e-04	4.831563e-04	-3.564008e-04	3.435397e-04	-2.242083e-04	-1.428358e-04	-1.615928e-03	4.533621e-04	8.392426e-04	-4.161432e-04	2.780494e-04	1.037009e-03	1.271563e-03	2.873024e-04	-8.296962e-05	-6.956776e-04	7.240098e-04	4.830152e-04	-4.303972e-04	1.155077e-03	2.407173e-04	1.708742e-03	-1.376677e-03	-2.880586e-03	8.370660e-04	-7.358092e-04	-1.393520e-03	0	1.346994e-03	-2.060904e-03	-1.420707e-03	1.724165e-04	-5.158609e-04	3.685989e-03	3.445905e-03	2.147728e-03	-2.198989e-04	1.996336e-03	-1.285685e-03
1339_pair	3.531623e-04	9.066566e-06	-5.339758e-05	-2.076344e-04	-6.797337e-04	-4.833820e-04	-9.609107e-04	-6.297974e-04	-1.351234e-04	-5.089704e-04	-4.853955e-04	-1.023920e-02	-8.225519e-04	-9.786664e-04	1.780867e-04	-1.447061e-04	-1.314237e-03	-2.922551e-04	3.914660e-04	7.258851e-04	1.638328e-03	6.042099e-04	1.565109e-03	3.066702e-03	1.294227e-01	6.794538e-04	1.258704e-03	9.462031e-04	9.462031e-04	2.345179e-03	-9.208019e-04	-7.450301e-04	-7.450301e-04	5.769188e-03	3.809613e-03	1.208961e-03	1.445651e-03	-9.387668e-04	1.193445e-03
1344_pair	-1.087468e-03	-7.277516e-04	2.115389e-01	5.476595e-04	1.330743e-03	1.330743e-03	-5.873364e-04	1.184924e-03	2.047049e-04	4.290073e-04	-2.324081e-03	-6.228977e-02	1.776923e-03	-2.142848e-04	-1.379366e-02	1.077589e-03	1.909541e-03	1.239241e-03	-3.589083e-03	-5.363329e-05	2.064799e-03	-3.890475e-03	8.855003e-04	-4.113082e-03	2.380506e-03	-1.876353e-03	-7.413698e-04	-8.612847e-03	9.559410e-04	-7.695918e-04	-5.870368e-03	-9.521804e-02	4.227980e-03	-1.357205e-02	3.036997e-03	-2.263853e-02	-1.983446e-03	-6.147304e-05	-5.086994e-04
134_pair	-2.956978e-03	-4.453674e-03	-1.673833e-03	4.608617e-04	2.291859e-03	3.159113e-05	1.477674e-03	1.477674e-03	4.273620e-03	-2.998095e-04	-4.013159e-03	1.016885e-03	1.764486e-03	-8.362341e-04	1.078054e-03	1.187168e-03	3.941760e-03	-2.461419e-03	-6.906254e-03	0	1.087287e-03	1.809874e-04	5.579476e-01	5.580342e-01	3.589690e-03	3.035885e-03	-4.916385e-03	-1.085291e-02	-1.879690e-03	-9.237437e-03	-1.294037e-02	-4.321301e-03	1.386891e-03	-2.319190e-02	-1.476486e-02	3.358215e-03	-4.487807e-03	1.784721e-03	-9.248753e-03
1353_pair	1.245216e-03	2.334631e-03	3.020102e-03	-1.805823e-03	6.830005e-05	6.830005e-05	-3.231739e-04	-1.118800e-03	-4.849365e-03	5.310909e-04	1.871092e-03	-7.908329e-05	-1.974358e-03	8.906894e-04	7.931738e-04	-2.179165e-03	-9.179611e-04	-1.532889e-03	-1.051307e-03	-5.176921e-04	-1.227697e-03	3.423520e-03	5.522873e-01	5.500894e-01	-2.688426e-03	4.768442e-03	4.466853e-03	5.132752e-04	-2.262082e-03	6.117660e-04	1.279788e-03	-8.346251e-03	-5.091787e-04	-4.340555e-03	-6.923200e-03	-1.857444e-03	-3.351117e-03	-4.262242e-03	-1.278173e-03
1360_pair	4.645139e-04	6.517284e-04	-3.694774e-04	1.931142e-04	-2.827859e-04	-1.517775e-04	2.054062e-04	6.063327e-04	5.290022e-05	5.290022e-05	-5.498922e-04	4.243816e-04	-7.244591e-04	2.122233e-04	1.495157e-03	-2.641109e-04	-1.526288e-03	-1.105209e-03	-5.477007e-04	2.674866e-04	-9.021351e-04	7.371426e-04	-2.917773e-03	-1.508697e-03	8.371504e-04	1.602898e-03	-1.634535e-03	-2.588434e-03	-2.761092e-03	0	1.351596e-03	-2.061405e-03	-1.570704e-03	6.893103e-03	-1.338516e-03	-3.192401e-03	-8.267227e-04	1.565941e-03	1.883186e-04
1371_pair	0	-2.455736e-03	1.245371e-01	-1.225915e-03	1.132650e-04	-2.500914e-03	-1.413172e-03	-4.728211e-03	-1.126334e-04	-1.928815e-03	8.080051e-04	-3.406699e-03	-2.093689e-04	-1.272437e-03	4.708257e-03	-2.085434e-03	-1.132533e-03	3.071162e-03	3.220668e-03	2.730292e-03	-1.488107e-03	4.580496e-03	-4.166231e-03	-2.894786e-03	-3.745016e-03	5.475873e-03	3.096005e-03	8.284014e-03	7.207835e-03	5.591600e-03	3.789148e-03	1.368234e-04	2.970918e-05	1.100116e-02	6.875655e-03	4.467122e-03	1.041954e-02	-9.970807e-07	5.791752e-03
137_pair	3.049158e-03	1.498758e-03	-4.184193e-05	-5.637322e-04	-6.575599e-04	6.480280e-04	-1.953828e-03	-1.030512e-03	-1.959067e-03	-1.197048e-04	-9.858454e-04	-8.782001e-05	-1.844887e-04	2.858886e-03	3.451414e-03	-9.649302e-04	-2.570086e-04	2.128642e-03	9.154119e-04	1.586849e-03	-5.638114e-04	5.892662e-03	-1.993337e-03	-2.418540e-03	-5.950938e-04	2.991763e-03	4.421794e-03	6.566118e-03	2.915913e-03	6.240129e-03	6.090131e-03	-1.840699e-03	0	2.463860e-02	1.531266e-02	2.035180e-04	6.349936e-03	-1.911968e-03	6.731172e-03
1384_pair	7.937847e-04	6.795964e-04	3.058463e-01	1.133059e-03	1.208942e-03	8.455324e-04	2.153163e-03	2.893654e-03	-8.459589e-04	-1.891344e-03	8.565113e-04	1.957162e-03	1.356278e-03	-5.180610e-04	-3.773196e-01	-1.210896e-04	5.198853e-04	1.267934e-03	3.031956e-03	-4.786973e-03	-1.764991e-03	-2.058437e-03	-2.093053e-03	-1.947024e-03	4.962471e-03	-4.083987e-04	1.808989e-03	1.708685e-04	-9.280717e-04	-2.390779e-04	-4.313110e-04	1.950815e-03	2.148297e-03	1.704815e-03	-5.591711e-03	1.533515e-03	-4.553399e-03	4.634037e-04	-7.066281e-03
138_pair	-2.304303e-03	1.262023e-04	5.974600e-04	1.830415e-03	1.621950e-03	1.521989e-03	3.490510e-03	-3.921538e-04	-4.316873e-04	-4.316873e-04	2.701603e-04	5.884228e-04	4.697225e-03	-2.234588e-03	-1.627878e-03	-2.704708e-04	6.097627e-03	1.385364e-03	-8.614573e-03	2.534275e-03	1.187483e-03	-5.107527e-03	-1.172692e-03	-6.265326e-03	4.258980e-03	-1.179361e-03	-2.913477e-03	-4.785768e-03	1.103379e-04	-1.103157e-04	-7.186946e-03	-6.454917e-04	2.699136e-03	-5.172058e-03	-4.219770e-03	6.286162e-03	3.297146e-03	-2.814623e-03	-4.513600e-03
139_pair	-6.383297e-03	-2.734414e-03	-1.601123e-03	5.973121e-03	1.884792e-03	5.379299e-03	2.650504e-03	6.216308e-03	4.449286e-03	2.433503e-03	-3.978175e-03	5.616509e-03	-1.087080e-03	3.285911e-03	-9.037596e-04	4.979942e-03	4.436571e-03	1.364459e-04	-2.500996e-04	-2.456397e-03	-1.665085e-03	-9.321704e-03	3.428714e-03	-3.147657e-03	2.847050e-03	-2.861908e-03	-9.588099e-03	-1.626178e-02	-9.940074e-03	-1.753763e-02	-1.368281e-02	-2.943361e-03	1.222932e-03	-1.936240e-02	-2.807556e-02	-3.363994e-03	-1.810225e-02	9.647415e-04	-2.528140e-02
1416_pair	-8.773598e-03	-1.027272e-03	-1.454058e-03	1.252112e-03	8.638463e-04	-1.950441e-04	1.791569e-03	2.646221e-03	6.066288e-03	4.419459e-04	-8.712492e-03	1.524172e-03	7.421145e-04	0	-2.893041e-03	2.153240e-03	2.245143e-03	-2.568645e-03	3.806118e-04	6.931933e-04	2.395453e-03	-1.973826e-04	3.491185e-04	-1.189022e-03	1.772337e-03	-1.754567e-03	-8.474533e-03	-1.423074e-02	-1.929966e-03	-1.254375e-02	-1.730070e-02	3.294084e-04	2.101905e-03	-2.332154e-02	-8.409384e-03	3.359786e-03	-1.740940e-02	1.753916e-03	-1.396884e-02
141_pair	-1.581654e-02	-1.342419e-02	0	1.432850e-02	1.740101e-03	1.348616e-02	9.512115e-03	1.987626e-02	1.878347e-02	2.195210e-03	-2.221684e-02	1.002738e-02	2.712540e-03	8.576736e-04	1.023289e-02	1.023289e-02	1.080724e-02	-1.709544e-02	-6.194124e-03	-3.580859e-03	-1.436099e-02	-2.021565e-02	-6.532374e-03	-9.037781e-03	1.694337e-03	-5.253057e-03	-2.230917e-02	-4.208357e-02	-2.361562e-02	-4.479007e-02	-4.660257e-02	-1.047287e-02	5.663227e-03	-1.011738e-01	-1.066312e-01	-2.665265e-03	-4.368444e-02	-1.055474e-02	-5.605273e-02
1423_pair	1.397970e-03	-2.532652e-03	-1.896171e-03	4.583082e-04	-1.512371e-03	1.020101e-01	1.466267e-03	1.002116e-03	-3.517536e-04	1.835964e-03	-1.499674e-03	1.449803e-03	7.517372e-05	3.499542e-04	1.140190e-03	4.281277e-04	8.603987e-05	-2.296278e-03	-2.068605e-03	0	-1.021196e-03	-3.498376e-03	2.535245e-01	2.527009e-01	-3.989086e-03	4.777984e-04	-4.007929e-03	-4.724198e-03	-2.729763e-03	-3.949988e-03	5.319763e-04	-1.379001e-03	-1.379001e-03	-3.678845e-03	-4.670496e-03	-2.125608e-03	-7.972606e-03	-5.345701e-04	-5.024893e-03
1424_pair	9.465184e-04	-1.182618e-03	-7.335723e-04	1.425329e-03	7.413636e-04	-9.310179e-04	-1.992723e-03	-1.140464e-04	-2.751377e-04	7.261234e-04	-1.141341e-03	-4.241386e-04	-6.210690e-05	3.438198e-04	1.969572e-03	-4.461993e-05	1.288094e-04	6.833175e-04	1.674597e-03	4.065285e-04	0	1.063129e-03	-1.661481e-03	-3.052240e-03	1.830294e-03	1.443850e-03	-9.469842e-04	-4.417505e-04	5.900972e-05	5.604848e-04	7.961683e-04	-2.213908e-05	4.278098e-04	1.283326e-03	-1.834098e-03	-1.408763e-03	-1.954846e-03	-3.614968e-04	-2.336729e-03
1425_pair	-4.158838e-03	-1.701557e-03	-2.671296e-03	2.220200e-04	-1.291514e-03	3.741017e-04	2.058661e-04	3.998943e-03	8.191100e-04	-4.564224e-04	-2.932733e-03	3.908312e-03	5.596663e-04	2.849312e-03	3.685612e-04	1.459717e-03	3.706159e-04	-2.403940e-03	-1.779229e-03	-1.181630e-03	4.415085e-03	-2.286118e-03	1.993354e-03	-3.103615e-03	1.289434e-03	8.071256e-04	-2.870533e-03	-6.650670e-03	-6.650670e-03	-6.287541e-03	-2.239078e-03	-2.702550e-03	1.123209e-03	-8.925556e-04	-3.042533e-03	-1.465848e-03	-8.563616e-03	-2.115814e-03	-8.252532e-03
1426_pair	-7.815620e-04	-8.519758e-05	-1.773372e-04	7.219097e-04	9.483264e-04	2.943793e-04	-5.014831e-04	-6.184105e-04	5.972927e-04	3.631800e-04	1.594022e-03	2.061389e-03	8.849429e-04	6.155799e-04	1.642668e-03	1.076226e-03	-1.828405e-04	5.794132e-04	2.689991e-03	-1.230547e-03	-2.089567e-03	2.832300e-04	-1.075107e-03	-1.696633e-03	1.335900e-03	1.567894e-03	0	-4.022049e-03	-1.745198e-03	-2.000985e-03	-8.194872e-04	1.693390e-03	9.144535e-04	1.052867e-03	-3.552700e-03	-1.095234e-03	-1.080677e-03	-8.574883e-04	-3.403878e-03
1427_pair	0	-1.714940e-04	-1.577692e-03	9.319759e-04	2.811705e-04	1.192097e-03	1.455782e-05	6.985225e-04	-1.662864e-04	1.071646e-03	9.635787e-04	1.610454e-03	8.061379e-04	1.645459e-03	-2.652561e-04	-1.701998e-03	-5.749986e-04	-2.308308e-03	-1.259372e-03	-1.436454e-03	-7.801529e-04	5.723814e-04	5.615401e-01	-2.985200e-03	3.783449e-04	1.642297e-03	-1.697369e-03	-4.506672e-03	-2.324908e-03	-1.083729e-03	-9.996515e-04	6.226805e-04	-6.776583e-04	-2.982966e-03	-2.982966e-03	-8.395099e-04	-3.077358e-03	1.872167e-04	-1.654491e-03
1430_pair	1.267032e-03	-7.385852e-04	-2.949216e-04	-1.678632e-04	3.254710e-04	-2.145110e-03	-1.339983e-04	-1.395752e-03	-6.372375e-04	-5.659402e-04	3.630105e-04	-8.529068e-04	-2.339377e-04	-7.998075e-04	1.826974e-03	-6.460633e-04	-3.226638e-04	2.366463e-03	2.121166e-03	7.458647e-04	-1.009079e-04	8.693813e-04	-3.159560e-03	-2.027650e-03	-6.329297e-04	2.140288e-03	1.300379e-03	2.782415e-03	1.476145e-04	3.608385e-03	3.026830e-03	1.170207e-03	9.084179e-04	9.823733e-03	1.739444e-03	1.433648e-03	5.264710e-03	3.943196e-03	5.648376e-03
1431_pair	3.689341e-04	7.651711e-04	-6.663855e-04	-1.588583e-03	5.041895e-04	-2.418861e-04	-1.787028e-03	-2.265989e-03	-2.678854e-03	5.508732e-05	-2.415484e-05	-2.322815e-04	-2.855361e-04	0	5.108167e-04	-1.318492e-03	-7.676676e-04	5.691081e-04	8.628850e-04	-5.006321e-05	-1.585697e-03	-1.469930e-04	-3.739222e-03	-3.194005e-03	-2.402380e-03	-2.216606e-04	3.312886e-04	-6.552977e-04	8.171037e-04	2.049529e-03	5.833560e-04	2.960129e-03	6.467570e-04	5.553533e-03	7.709384e-04	1.644115e-03	-1.593861e-03	-8.528757e-04	2.283185e-04
1432_pair	-2.757375e-03	-2.386550e-04	-6.806841e-04	-6.157195e-05	1.524343e-03	2.807915e-03	2.825988e-03	4.282093e-05	2.963455e-03	-1.250515e-03	-1.088181e-03	-2.485182e-03	-5.281676e-04	-9.113123e-04	1.430998e-04	9.211555e-04	4.754378e-03	1.807612e-03	-2.992595e-03	-9.458115e-04	1.064948e-03	-4.546082e-04	-9.428976e-04	-1.970458e-03	9.196205e-04	9.558602e-04	-2.466021e-03	3.448050e-03	1.947147e-03	3.193363e-03	-3.809188e-03	4.266994e-03	-8.893673e-04	-6.822428e-04	7.680849e-03	7.329947e-03	5.850929e-04	-9.355629e-04	-1.365924e-03
1446_pair	8.176231e-04	4.513285e-04	-1.513050e-03	-6.363832e-05	1.589798e-04	-7.895889e-04	-2.575351e-04	7.750295e-04	5.099488e-04	0	-3.253441e-04	-6.046058e-04	5.438747e-04	3.514313e-04	-9.545358e-02	-4.137610e-04	5.967658e-04	1.010385e-03	1.034012e-03	-5.031515e-04	9.919947e-04	9.509801e-04	-6.865464e-03	-5.193249e-03	1.769289e-03	-7.858515e-04	-3.248674e-04	1.680841e-03	2.041268e-03	2.555320e-03	1.544179e-03	8.176797e-04	-1.796455e-03	7.004514e-03	3.131798e-03	-3.396673e-02	-7.882693e-04	-6.462146e-04	9.436549e-05
145_pair	2.601069e-04	-4.864298e-03	-8.636039e-03	5.437247e-03	7.414785e-03	5.988504e-03	-2.306113e-03	2.230671e-03	1.059709e-03	7.159544e-03	-3.724008e-03	1.863466e-03	3.950667e-03	3.568995e-03	-5.465792e-02	3.234180e-03	8.309618e-03	1.540896e-03	-4.016224e-03	-9.282856e-06	-1.732577e-03	-9.896034e-03	4.232535e-03	-1.383189e-03	1.050463e-02	-8.939473e-03	-1.666113e-02	-5.200546e-03	0	-6.903179e-03	-1.237788e-02	-5.886315e-03	5.126111e-03	-1.154928e-02	-1.796221e-02	3.345673e-03	-2.289293e-02	-5.848735e-04	2.783027e-03
1464_pair	1.365260e-04	-2.232535e-03	-2.367997e-04	-1.842698e-03	4.446680e-03	-2.413074e-03	-1.506384e-03	-4.566049e-03	-1.048292e-03	-7.659263e-04	3.242009e-03	-1.371460e-03	2.845894e-03	-9.013651e-04	5.563167e-04	-3.890797e-04	-1.601288e-03	1.427669e-03	3.566094e-04	1.516022e-03	-1.350955e-04	2.005715e-03	-5.156000e-03	-1.902264e-03	-1.570635e-04	-4.595451e-04	9.913321e-04	4.880878e-03	5.125866e-03	1.971053e-03	2.038022e-03	4.620569e-04	4.883482e-04	7.567760e-03	6.023243e-03	2.490790e-03	8.770751e-03	1.515557e-03	6.729378e-03
1477_pair	-1.513744e-03	0	1.984592e-03	9.113646e-04	1.661791e-03	7.598192e-05	2.910753e-03	5.773208e-05	3.401008e-03	-7.774988e-04	1.387346e-03	-1.362798e-03	4.719194e-04	-1.471081e-03	-2.134657e-03	-1.079898e-04	5.059952e-03	6.021755e-04	-1.339039e-03	1.567360e-03	3.051969e-03	4.198843e-03	-3.751641e-03	-3.751641e-03	2.229474e-03	6.591337e-05	-6.734791e-04	-2.261094e-03	2.089334e-03	1.666871e-03	-7.420402e-03	3.693087e-03	3.477371e-03	-1.303289e-02	-6.029539e-03	6.538979e-03	-8.785313e-03	4.941617e-04	-2.434583e-03
148_pair	-3.160153e-03	-2.659836e-03	8.779274e-04	3.913441e-04	0	1.044756e-03	1.648797e-03	1.813494e-03	1.920518e-03	-2.130927e-04	-1.895782e-03	3.454964e-03	-5.452294e-04	9.692627e-04	1.584117e-03	-1.473381e-03	8.571806e-04	-2.212480e-03	-3.638284e-03	-9.112138e-04	-4.780794e-04	1.984529e-03	5.317063e-01	5.323349e-01	3.441611e-03	4.350791e-03	-2.157447e-03	-6.663974e-03	-1.590344e-03	-4.903701e-03	-5.998763e-03	-9.432328e-04	2.943641e-04	-6.921837e-03	-7.526551e-03	-2.020602e-04	-4.026937e-03	-8.008716e-04	-7.854229e-03
151_pair	1.594607e-03	4.466951e-04	-1.590674e-03	1.282800e-04	2.113935e-04	2.999928e-05	1.385865e-03	-1.615465e-03	-1.043263e-03	-5.770104e-04	-1.533860e-03	-1.636229e-04	2.569420e-03	-5.275075e-04	-3.467507e-03	-1.794925e-03	1.335286e-03	-2.152707e-05	-5.457270e-03	0	-2.779518e-03	3.764283e-03	1.109090e-02	1.105886e-02	4.383491e-04	1.374495e-03	-2.505294e-03	-4.445990e-03	-1.146225e-03	-3.924476e-03	-4.074095e-03	-2.996859e-03	-7.611286e-04	-6.466512e-03	3.076050e-04	4.209607e-03	1.517989e-04	-1.808964e-04	-4.039775e-03
1525_pair	-6.704453e-05	7.575734e-04	-8.669962e-04	-8.733584e-04	-5.861823e-06	5.586039e-04	-1.026143e-04	1.399258e-05	1.929441e-03	8.478440e-04	-6.783066e-04	7.487193e-04	6.015699e-05	-2.129646e-05	1.025262e-03	-7.256350e-04	1.501689e-05	1.864281e-04	-2.583200e-04	3.269785e-04	5.999371e-04	5.153998e-04	-4.675934e-03	-2.202616e-03	6.149255e-04	1.485610e-03	1.341388e-03	-8.038195e-04	-1.752852e-03	2.941808e-03	-7.903576e-04	6.497566e-04	-1.903155e-03	-5.328126e-04	-3.948783e-03	2.678337e-04	2.392483e-03	-5.056048e-04	4.773049e-04
157_pair	-1.885591e-03	1.456511e-03	2.301274e-03	-2.986794e-04	7.250270e-03	1.118526e-03	1.905765e-03	-4.750736e-03	-1.950247e-04	3.397299e-03	5.524939e-03	-1.664679e-03	-1.768547e-03	-4.013043e-03	3.478945e-03	-1.539502e-03	3.941643e-03	4.279337e-03	-1.054082e-03	2.643224e-03	4.306057e-03	2.181274e-03	-2.390209e-03	-2.188131e-03	4.027285e-04	2.998983e-03	3.688796e-03	2.718766e-03	3.359975e-03	-7.824818e-03	-5.940981e-03	-1.199860e-03	2.834059e-04	-1.661505e-02	-1.162086e-02	1.425318e-02	7.561291e-03	-5.466079e-03	-7.162794e-04
166_pair	-1.884341e-03	-3.567787e-03	3.423137e-03	2.170954e-03	-2.198630e-04	0	3.248183e-03	-6.477621e-04	-6.598500e-04	-6.598500e-04	-3.715825e-03	2.098353e-03	2.732034e-03	-8.485345e-04	-4.283407e-04	-6.792288e-04	2.629636e-03	-4.833692e-04	-3.094091e-03	3.753462e-03	4.108879e-03	7.947332e-04	5.217899e-01	5.190157e-01	5.048112e-03	4.413570e-04	-9.478208e-05	-7.832215e-03	2.917665e-03	-2.033639e-03	-1.203401e-03	1.556626e-03	1.725899e-03	-8.277903e-03	1.451889e-05	4.391478e-03	-9.235958e-04	5.444652e-03	-1.899941e-03
174_pair	-1.102844e-03	-6.017363e-05	6.983900e-04	1.535088e-03	4.413549e-03	1.412602e-03	1.732508e-03	1.085002e-03	-9.178410e-04	2.052031e-03	2.919165e-03	6.457819e-04	6.351656e-04	1.196931e-03	5.529034e-03	1.390573e-03	5.648366e-03	-1.883927e-03	6.956273e-04	-3.003075e-03	3.376200e-03	-7.660625e-05	-5.942899e-03	-8.683561e-03	-4.037205e-04	-2.224264e-03	-3.497901e-03	-1.647536e-03	-5.667406e-04	-6.626847e-03	-8.906176e-03	-8.989475e-04	3.529033e-03	-8.529032e-03	-6.652178e-03	3.573502e-03	-1.083205e-02	-1.622413e-03	-7.837095e-03
176_pair	2.079856e-03	-6.740988e-04	-1.156531e-03	-1.705118e-04	1.717861e-03	-2.462732e-04	-1.637891e-03	-2.072782e-03	1.621443e-03	-8.805662e-04	3.007766e-03	2.246982e-04	2.615021e-03	-1.588915e-03	1.371860e-03	-2.151268e-03	0	3.857383e-03	-3.630854e-03	-3.266671e-03	-3.446201e-04	3.806035e-03	-1.723218e-02	5.631293e-01	-2.114310e-03	-1.972806e-03	6.647402e-04	2.384105e-03	1.954713e-03	1.901259e-03	-3.221945e-03	1.894502e-03	3.041945e-04	-6.136179e-03	-2.772633e-03	6.453570e-03	3.157853e-03	2.151210e-03	5.602961e-03
177_pair	-5.491649e-04	-6.884294e-03	-1.046814e-03	7.913830e-04	-2.137290e-02	-3.133786e-03	1.291441e-02	2.883637e-04	6.054924e-03	-4.250711e-03	-4.226029e-03	-3.167471e-03	9.971921e-03	-1.035597e-03	-2.061702e-03	1.033801e-03	7.842552e-03	1.549257e-03	-1.620712e-02	3.647145e-03	2.889458e-03	3.958042e-03	-7.735498e-03	-1.159787e-02	6.377683e-03	4.082505e-04	-9.298384e-04	-1.024201e-03	1.322024e-02	-7.274566e-01	-1.496579e-02	-6.307743e-03	4.828355e-03	-8.002383e-04	1.575048e-02	1.661816e-02	-1.829889e-03	3.863910e-03	-4.495187e-03
179_pair	6.359470e-03	5.911965e-04	-2.987239e-03	-1.328375e-03	-2.554227e-03	-2.554227e-03	-4.271774e-03	-8.071311e-03	-3.478716e-03	-3.478716e-03	-8.918921e-04	-2.383234e-03	-6.830722e-04	-4.432245e-03	1.122068e-03	-5.951315e-03	-4.721079e-03	2.025027e-03	3.035590e-03	4.592305e-03	-3.380542e-03	3.154448e-03	-5.229518e-03	-8.352394e-03	-3.098047e-03	2.067451e-03	4.409071e-03	1.043584e-02	7.103762e-03	9.583827e-03	8.259023e-03	6.674405e-03	1.668178e-03	2.635629e-02	1.472476e-02	3.509756e-03	2.174313e-02	5.272017e-03	1.817102e-02
181_pair	-1.678354e-03	-1.724671e-03	-4.315945e-03	2.050994e-03	-6.268055e-03	8.742989e-03	1.997372e-03	4.513238e-03	3.329821e-03	7.934522e-04	-5.752837e-03	7.122469e-03	1.387291e-04	6.354988e-03	-6.679488e-03	-1.387876e-03	8.699539e-03	0	-7.730981e-04	9.102327e-04	-5.078028e-03	-3.621853e-03	1.109345e-02	1.223413e-03	4.775057e-03	-5.010328e-03	-1.098496e-02	-1.690516e-02	-5.118525e-03	1.723782e-02	7.105539e-03	4.918086e-03	4.104608e-03	-5.785874e-03	-5.393233e-03	-1.004831e-02	-9.481252e-03	1.035547e-02	3.203085e-03
184_pair	-3.632256e-04	-1.247946e-02	1.337685e-02	4.855081e-03	-8.063475e-03	8.105882e-03	1.186520e-02	1.280978e-02	4.861510e-03	0	-1.384965e-02	9.761744e-03	-9.562316e-04	5.948264e-03	-9.812975e-03	4.651328e-04	2.190986e-02	-6.024304e-03	-1.771224e-02	3.573131e-04	5.056644e-03	-8.034449e-03	1.392791e-02	-8.981171e-04	2.519013e-02	-3.255748e-03	-2.165458e-02	-4.585301e-02	-2.870513e-03	-9.567464e-03	-1.395793e-02	-1.919316e-02	8.345441e-03	-4.734041e-02	-3.584247e-02	-9.738749e-03	-2.742983e-02	9.240518e-03	-3.333597e-02
188_pair	-1.027931e-03	-1.683940e-04	-1.119655e-03	1.427431e-03	-1.079373e-03	1.830855e-04	4.824766e-04	9.049171e-04	4.476350e-04	8.161222e-04	-5.629925e-04	8.032732e-04	2.814924e-04	1.033751e-04	-8.748674e-04	6.099603e-04	3.526214e-04	1.339774e-05	6.027264e-04	-5.221993e-04	-2.833733e-04	-6.739032e-04	-7.981436e-04	-2.441327e-03	3.795041e-04	1.893151e-05	-1.491400e-03	6.781919e-04	-5.515609e-04	-1.693521e-04	-8.012547e-04	2.077692e-03	2.165995e-04	1.813710e-03	-1.865067e-03	-2.130697e-03	-3.697598e-03	1.147416e-04	-3.101635e-03
192_pair	-3.984768e-03	0	1.190834e-03	3.248483e-03	-2.657347e-03	1.303268e-03	3.052181e-03	4.539573e-03	3.647150e-03	2.178641e-03	-7.128046e-04	2.040586e-03	1.436743e-03	5.311517e-04	1.316729e-03	2.581109e-03	7.708280e-04	-1.268773e-02	-1.490519e-02	-1.458799e-03	3.208394e-04	1.053613e-03	-9.257779e-03	-9.977632e-03	-1.933370e-03	-1.443082e-03	-4.713763e-03	-8.626829e-04	-1.334249e-03	-8.979196e-01	-8.672635e-03	1.723242e-03	4.087408e-03	-8.181549e-03	-7.392237e-03	-5.442507e-03	-1.041505e-02	1.384579e-03	-1.094756e-02
199_pair	2.887360e-04	1.729502e-03	7.556536e-04	7.269277e-05	1.412723e-03	1.673041e-03	-7.301437e-04	7.836317e-04	-3.805273e-04	1.346306e-03	4.601942e-04	1.371941e-03	1.283558e-04	1.062409e-03	3.346934e-04	-1.001412e-04	7.788846e-04	1.347077e-03	-6.405254e-04	-1.158240e-03	-8.824113e-05	2.086787e-03	-7.640419e-04	-1.063526e-03	-9.517262e-04	-6.062950e-05	-1.893821e-04	-4.932225e-04	-9.037664e-04	-3.209620e-03	-2.347431e-03	-1.417995e-03	-9.738856e-04	-4.122733e-04	-3.752065e-03	-1.311078e-03	-3.672776e-03	-1.571608e-03	-5.078900e-03
244_pair	8.892789e-03	1.562030e-03	-6.838465e-03	-7.775959e-03	7.306928e-03	-5.973695e-03	1.396588e-02	-2.111489e-02	5.067902e-03	-7.849048e-03	3.106056e-03	-3.610528e-02	3.244170e-03	-6.277986e-03	3.349225e-03	-1.680188e-02	7.879803e-03	4.528044e-03	1.211694e-02	1.049936e-02	3.521290e-03	2.230847e-02	-1.904994e-02	-2.067913e-02	-9.021658e-02	-3.467755e-04	0	7.196098e-02	3.076809e-02	-7.199514e-02	2.360539e-02	7.292945e-03	6.499193e-03	3.766348e-03	3.444529e-02	2.831984e-02	4.263748e-02	-1.428356e-02	3.997993e-02
277_pair	-1.280182e-02	-5.281339e-03	0	1.301520e-03	1.682297e-03	3.349186e-03	4.535531e-03	7.800099e-03	4.733417e-03	2.271576e-03	-6.533852e-03	6.829254e-03	-5.971313e-04	8.050647e-04	3.816841e-03	7.078947e-03	4.033701e-03	-5.598716e-03	-5.981755e-03	-7.417316e-03	2.503983e-03	-7.335070e-03	4.704296e-01	4.653453e-01	7.136250e-03	-3.201446e-03	-1.110124e-02	-2.522200e-02	-1.757295e-02	-1.923615e-02	-1.831500e-02	-2.440877e-03	3.724402e-04	-2.385620e-02	-2.615217e-02	-2.029886e-03	-5.760375e-02	-2.029495e-03	-2.424215e-02
278_pair	4.528900e-04	-3.486262e-04	-1.099753e-03	9.154833e-04	-1.584894e-04	1.166467e-03	-1.489867e-04	2.263085e-03	2.503413e-03	2.139416e-03	7.866018e-04	-1.263472e-03	5.342622e-04	1.423713e-03	6.035271e-04	-7.655143e-04	7.925991e-04	-1.708646e-03	2.090371e-03	-1.612265e-04	2.921809e-04	-2.951493e-04	-1.993981e-04	-2.520248e-03	1.636990e-03	4.244052e-04	-1.789672e-03	-1.522931e-03	-1.920522e-03	-3.749176e-03	-3.400154e-03	-1.253469e-01	1.175418e-03	1.532830e-03	-2.398671e-04	-4.204766e-03	-1.483789e-03	-9.268879e-04	-5.665715e-03
282_pair	-5.058313e-03	-1.059035e-03	-1.428984e-03	1.171686e-03	3.161034e-03	-1.018629e-03	3.073904e-03	2.487184e-03	3.012375e-03	4.887896e-05	-1.281528e-03	1.559508e-03	1.430702e-03	1.645638e-04	-9.406104e-01	7.079070e-04	2.311230e-03	-3.145363e-03	-3.457835e-03	-4.463406e-04	-6.544929e-04	-1.053602e-03	5.473316e-01	5.446406e-01	3.189031e-03	3.028203e-03	-4.972767e-03	-4.944525e-03	-1.667858e-03	-6.769737e-03	-9.781832e-03	-1.187476e-03	4.085330e-04	-1.960688e-02	-9.255543e-03	2.814927e-03	-5.372467e-03	6.984474e-03	-9.573059e-03
283_pair	4.804023e-04	-1.190776e-03	-1.304844e-03	-1.094605e-03	2.108252e-03	-8.793237e-04	6.987189e-05	-9.194723e-04	4.550179e-04	-1.653942e-04	1.361358e-03	-4.270069e-04	-7.003614e-04	2.943111e-05	1.671343e-03	-1.448836e-03	-1.283871e-03	5.725498e-04	7.762193e-04	1.174410e-03	5.511855e-04	1.135524e-03	-1.987442e-03	-4.138750e-03	-3.941835e-04	2.394400e-03	8.155513e-04	1.870344e-03	1.072632e-03	1.653583e-03	1.079743e-03	-1.828569e-04	-1.191696e-03	5.836328e-03	1.584480e-03	5.978785e-04	4.130896e-03	3.663953e-04	3.319167e-03
288_pair	-1.053141e-03	1.391109e-03	1.320219e-03	2.873285e-04	-6.608040e-04	1.617982e-03	-1.289766e-03	4.243757e-04	-9.781317e-04	1.148891e-03	2.542516e-03	6.309998e-04	2.146058e-03	1.451112e-03	3.268940e-03	3.990065e-04	1.564091e-03	2.070208e-03	-9.388052e-05	-1.019775e-03	-3.117227e-03	1.429370e-03	-6.388225e-03	-6.388225e-03	-4.883822e-04	-1.074590e-03	-1.750462e-03	-2.660091e-03	-2.474049e-03	1.661554e-03	-1.349108e-03	2.008302e-03	-9.549700e-04	2.051413e-03	7.206417e-05	-2.444664e-03	-5.080557e-03	-1.250660e-04	-8.413782e-04
290_pair	8.211506e-03	-1.629538e-02	-1.558671e-03	-3.195923e-03	-1.504403e-02	-1.671733e-03	4.212608e-03	6.169456e-03	2.998826e-04	-7.252600e-03	-1.401393e-02	3.945397e-03	-2.815473e-03	4.305964e-03	-7.692925e-01	4.366131e-01	-8.068638e-03	4.823419e-03	2.807375e-03	2.526130e-03	-1.453448e-02	-2.153233e-02	1.065249e-02	-9.256602e-04	2.128483e-02	5.245555e-03	1.026670e-03	-1.950939e-02	-1.053593e-03	3.526237e-02	1.472648e-02	-2.197663e-03	-1.330347e-03	2.055137e-02	1.714964e-02	-3.083420e-02	2.193974e-02	1.571212e-02	1.081146e-02
294_pair	1.887983e-03	4.106911e-03	5.930979e-03	6.022819e-03	-2.545175e-01	2.535210e-03	7.697063e-03	1.268622e-02	9.003236e-03	-7.363387e-03	1.139903e-03	6.684645e-03	4.761801e-03	-1.460176e-02	-5.553079e-02	4.458794e-03	-8.245122e-03	-6.690707e-01	3.283792e-03	-9.748591e-04	4.654162e-03	8.119273e-03	-4.508081e-03	-2.380451e-03	-1.049034e-01	4.122792e-03	2.370204e-02	-9.814292e-03	-6.356391e-03	-6.938636e-01	-2.271606e-02	2.250855e-03	5.789516e-03	-3.522752e-02	-2.185338e-02	-2.230289e-01	-1.780128e-02	2.590549e-03	-1.923734e-02
296_pair	0	1.609866e-03	8.412830e-03	2.014285e-03	-9.201616e-02	-1.915051e-03	1.228380e-03	-2.138671e-03	-4.404930e-03	3.152676e-03	5.721310e-04	-2.113814e-03	5.304473e-03	6.722912e-04	-1.669433e-01	-2.209936e-03	-4.178245e-02	-1.020780e-01	-1.793462e-02	-3.140973e-03	3.309083e-03	5.188022e-03	5.609916e-01	5.578903e-01	4.592330e-03	3.014841e-03	2.520560e-03	-1.136828e-02	5.465479e-03	-1.630569e-01	-1.052252e-02	9.167231e-04	4.886865e-03	-1.789529e-02	-5.626607e-03	1.345549e-02	6.527162e-03	7.200317e-04	3.969235e-03
306_pair	-5.568918e-03	-3.216834e-03	4.728515e-03	1.982691e-03	7.326964e-03	2.999059e-03	-9.525610e-01	8.204075e-03	7.068881e-03	7.634334e-03	-1.312850e-03	-6.597321e-03	3.270512e-03	8.554093e-03	-5.281336e-03	5.668018e-01	4.266519e-03	-4.288664e-03	-4.818605e-03	0	-4.746426e-04	-1.063799e-01	-7.268015e-03	-1.715610e-02	6.362297e-03	-3.319988e-03	-5.500665e-03	-9.849219e-03	-4.479173e-03	-1.229535e-02	-1.384431e-02	5.617552e-03	5.617552e-03	-1.198178e-02	-1.639372e-02	3.602255e-03	-7.422233e-03	-1.306672e-03	-1.391359e-02
308_pair	-3.705818e-03	2.499476e-03	8.613766e-04	4.894180e-04	-4.886522e-03	4.302090e-03	-1.799734e-03	1.721099e-03	-6.469252e-03	2.507480e-03	5.025900e-03	4.498502e-05	1.146436e-03	6.416263e-04	1.254991e-03	7.818721e-04	2.461266e-03	7.160236e-04	1.162339e-03	-7.121613e-04	-5.931630e-03	-2.113817e-03	-1.032799e-02	-1.391137e-02	-6.525308e-03	4.899686e-04	1.202957e-04	-1.255077e-02	-3.031544e-03	6.577721e-04	-3.619251e-04	3.932772e-03	-3.823482e-03	-3.713983e-03	-2.481043e-03	5.196028e-03	-1.005135e-02	-2.923892e-03	-1.077037e-02
318_pair	-3.705306e-03	-1.458039e-03	-1.453091e-03	-2.404626e-04	-6.337096e-05	3.281487e-03	1.689787e-03	2.152419e-03	-1.417991e-03	4.116276e-04	-1.135759e-03	5.262452e-03	2.000562e-03	7.627699e-04	4.290023e-03	3.147830e-03	2.711994e-03	-1.854291e-03	-1.752583e-03	-2.801389e-03	-1.393367e-03	-8.194380e-03	5.497653e-01	5.482185e-01	1.730528e-03	2.686938e-04	-3.695715e-03	-9.737741e-03	-1.162654e-02	-5.861336e-03	-7.401210e-03	-2.087610e-03	0	-1.720726e-02	-1.621141e-02	5.379662e-04	-1.203898e-02	-2.587478e-03	-1.253951e-02
339_pair	-1.527044e-03	3.428875e-03	-1.940558e-04	1.071789e-04	2.944342e-03	-5.422946e-04	-3.820536e-04	-1.697114e-03	1.713870e-03	-7.498805e-04	2.778139e-03	-4.490735e-04	2.405868e-03	0	3.029073e-03	-9.035847e-04	4.769439e-03	1.612778e-03	2.691253e-03	9.612130e-04	-1.478180e-03	1.440073e-03	-5.207398e-03	-6.524955e-03	-1.526208e-02	2.774172e-04	6.249964e-04	2.788295e-03	1.475348e-03	3.403827e-03	-1.967005e-03	4.559711e-04	3.046801e-03	-1.765623e-03	1.438252e-03	4.243095e-03	-2.504577e-03	3.878402e-05	-3.210566e-04
342_pair	-1.122751e-03	-2.087278e-03	-1.932760e-03	3.725596e-03	-2.724226e-04	6.010766e-04	-2.263466e-03	3.713257e-03	-6.441163e-04	3.280637e-03	-1.085993e-03	7.170162e-03	-1.286667e-03	1.537424e-03	6.338263e-03	9.683723e-05	1.272220e-04	-8.295839e-03	-4.376317e-03	-5.100855e-03	-1.093104e-03	-8.155922e-03	5.426575e-01	5.448501e-01	-1.009451e-03	1.966304e-03	-6.553355e-03	-1.716449e-02	-1.514769e-02	-1.925681e-02	-1.495190e-02	5.640383e-01	5.677666e-01	5.456360e-01	5.479483e-01	6.789697e-04	-1.514415e-02	-3.995538e-03	-2.965665e-02
343_pair	-3.854779e-04	-9.727071e-04	1.006487e-03	1.228756e-04	9.465366e-04	-1.590308e-03	-9.714524e-04	-2.498111e-03	-8.045440e-04	-8.045440e-04	-6.940601e-04	-1.589039e-03	3.672596e-03	-2.163002e-03	-2.849714e-04	-3.347577e-03	-3.755343e-04	-1.110671e-04	-5.449160e-03	4.142516e-03	-1.208187e-03	1.584297e-03	9.446913e-02	9.599579e-02	0	-4.216297e-03	-2.152471e-04	1.400647e-03	6.314299e-03	1.719138e-03	-1.352261e-03	-9.562173e-04	1.032434e-03	1.487459e-03	1.081279e-02	8.889205e-03	5.851605e-03	-2.710786e-03	9.059303e-03
356_pair	4.784940e-03	8.069795e-03	5.597018e-01	-5.610575e-03	6.352843e-03	-4.929043e-03	-3.645632e-03	-1.750768e-02	-1.334093e-02	-4.885028e-03	1.094081e-02	-2.106919e-02	8.863996e-03	1.586427e-05	1.322119e-02	-1.699245e-02	-4.658733e-03	9.773531e-03	3.093389e-03	7.880234e-03	-1.154132e-02	1.202060e-02	-1.605742e-02	-1.338876e-02	-2.061304e-02	-6.642430e-03	9.051775e-03	2.893598e-02	1.727286e-02	1.806208e-02	1.594553e-02	3.852247e-03	-2.034967e-03	3.508203e-02	3.053743e-02	-9.081358e-01	3.120285e-02	-1.888109e-02	1.978868e-02
358_pair	-5.164513e-04	7.032444e-04	-1.387555e-04	5.825451e-04	-1.010902e-03	1.284435e-03	-8.178717e-04	5.947685e-04	-1.593831e-03	9.328738e-04	-2.516854e-05	7.999694e-04	-7.148856e-05	9.739779e-04	-9.409098e-05	-9.409098e-05	3.154694e-04	3.920236e-04	4.487195e-04	7.946145e-05	6.262339e-04	0	-9.711679e-04	-1.139305e-03	-5.649077e-04	1.265776e-03	3.087751e-04	1.819126e-03	-7.228380e-04	1.479171e-03	-3.166046e-04	2.903170e-03	-3.087288e-04	6.220667e-03	-1.880300e-03	-2.984605e-03	1.436920e-03	-9.633262e-04	-2.253909e-03
367_pair	-1.537566e-03	-1.290450e-03	-1.905532e-03	4.498787e-04	1.454234e-03	-2.170121e-04	9.730663e-04	1.014733e-03	6.572042e-04	-6.400639e-04	1.714503e-05	2.358581e-03	-5.007694e-04	1.785785e-04	2.141061e-03	1.710453e-04	8.292431e-04	-7.643497e-04	2.573751e-04	-6.536144e-04	6.190802e-04	9.153758e-05	-9.585148e-03	-1.103821e-02	1.839822e-03	-1.698969e-04	-2.036991e-03	-3.662320e-03	-2.230173e-03	-2.100827e-03	-1.062901e-03	1.023317e-03	-5.767265e-05	-1.023381e-03	5.390264e-04	3.477130e-03	-3.180323e-03	2.869776e-03	-3.913858e-03
371_pair	-2.290292e-03	-2.541399e-03	1.574718e-03	2.713495e-03	4.027035e-03	7.743163e-04	5.048843e-03	2.786558e-03	2.545105e-03	1.156129e-03	-1.060695e-03	3.790431e-03	3.661192e-03	-1.693172e-03	-1.727552e-03	1.885821e-03	7.128152e-04	6.514647e-04	-9.314379e-03	-5.954272e-04	8.116231e-04	-6.996268e-03	-1.084796e-02	-1.084796e-02	7.010049e-03	1.559220e-03	-8.186580e-03	-2.196892e-02	-3.228201e-03	-1.701919e-02	-1.894962e-02	-1.977460e-03	7.267029e-03	-3.609145e-02	-1.891721e-02	7.507753e-03	-1.019480e-02	7.612515e-03	-2.009179e-02
372_pair	-2.138880e-03	-3.732867e-03	-2.303192e-03	3.057991e-04	2.606667e-03	-1.878165e-03	1.197333e-03	1.907713e-03	1.709649e-03	3.492478e-04	1.369922e-05	1.736482e-03	7.552898e-04	2.379387e-04	-9.633808e-01	5.745736e-01	2.696667e-03	-1.916661e-03	-4.564419e-04	-1.690722e-03	6.144414e-05	-5.379265e-03	5.558976e-01	5.537554e-01	2.108944e-03	-1.339506e-03	-7.123601e-03	-6.994056e-03	-3.575171e-03	-7.156209e-03	-8.014025e-03	2.595376e-04	1.235076e-03	-1.385573e-02	-1.450458e-02	-2.670423e-04	-1.168306e-02	7.449130e-05	-1.309036e-02
373_pair	-6.586272e-04	1.358288e-04	-1.038047e-03	1.201118e-03	2.398078e-03	1.779205e-03	4.900738e-03	8.122389e-05	4.484486e-05	8.276377e-04	1.646685e-03	-6.764394e-05	2.490404e-03	2.412243e-04	-1.385511e-01	1.260666e-03	3.267882e-03	1.357694e-04	-3.268912e-03	-7.507455e-04	-6.194161e-04	5.626043e-04	-8.157249e-03	-8.128703e-03	4.470006e-03	-3.274403e-03	-3.382371e-03	-2.509873e-03	1.857466e-03	0	-6.541460e-03	-4.189638e-03	2.569555e-03	-1.216603e-02	-3.735627e-03	5.223343e-04	-2.873764e-03	-9.081389e-04	-6.077475e-03
386_pair	4.947580e-04	8.839315e-06	-7.342996e-04	-4.481215e-06	-9.888599e-04	1.509840e-03	-1.638726e-03	6.081493e-04	1.756681e-04	1.756681e-04	-3.709040e-04	1.843308e-04	1.411814e-03	1.203657e-03	-1.484203e-03	-1.039325e-03	2.367778e-03	-3.941946e-04	-4.043138e-04	-4.176013e-04	-1.822137e-03	1.748211e-03	-1.599136e-03	-6.206206e-03	6.951947e-04	0	-8.864907e-04	-2.921298e-03	-2.381228e-03	1.877769e-03	-1.960874e-03	-1.183161e-03	2.481097e-03	4.485576e-03	6.010178e-03	-1.961798e-03	2.202948e-03	1.241223e-03	1.695947e-03
393_pair	1.940370e-03	1.255005e-03	7.668122e-05	1.945590e-04	1.785166e-03	1.213403e-03	-2.748314e-03	7.400410e-04	3.593017e-05	1.086710e-03	3.153420e-04	0	8.974416e-04	-1.238513e-03	6.684807e-03	1.271704e-03	1.230635e-03	1.856726e-03	-2.025278e-03	3.273137e-04	1.888967e-03	3.431006e-04	-9.791608e-03	-9.171308e-03	-3.378299e-03	-1.322304e-03	-9.524428e-04	-1.700507e-03	-2.242364e-03	-1.968169e-03	-1.600645e-04	1.004341e-03	-1.715649e-04	-2.811711e-03	-2.205358e-03	3.359359e-03	-6.463766e-03	-3.790436e-03	-1.346348e-03
435_pair	-9.864319e-05	1.058656e-03	2.135519e-03	-7.390120e-04	1.372513e-03	8.557970e-04	-9.080125e-04	7.661398e-04	1.439567e-03	-1.199612e-04	-1.060212e-03	-1.060212e-03	3.583907e-04	-3.853970e-05	1.032804e-04	8.708707e-04	1.322642e-05	0	3.946790e-04	-5.568878e-04	3.754759e-04	-5.696698e-03	-2.019045e-03	-2.481850e-03	1.203330e-03	2.934547e-03	9.394441e-04	-1.063461e-03	-1.459297e-03	3.135626e-03	-1.683302e-04	5.440134e-04	-4.902414e-04	-5.293033e-03	1.126677e-03	-2.423707e-05	1.398905e-03	-6.031030e-04	-1.160823e-03
442_pair	-5.354539e-03	-1.514704e-03	5.192628e-01	-7.741429e-04	1.216326e-03	1.223023e-03	1.588523e-03	4.363611e-03	8.357874e-04	0	-2.895137e-03	3.605689e-03	2.486843e-03	2.286297e-03	-1.080817e-03	2.821687e-03	4.323583e-03	-2.245728e-03	-1.278389e-03	-1.481317e-04	-2.225876e-03	-5.064929e-03	1.365097e-03	-1.342120e-03	6.742784e-03	-5.384228e-04	-6.308463e-03	-7.874793e-03	-6.089106e-03	-5.694757e-03	-5.485207e-03	-8.233070e-01	8.721761e-04	-1.247685e-02	-6.705927e-03	-1.191504e-04	-6.959892e-03	-4.548502e-04	-9.512828e-03
467_pair	-2.257193e-04	-3.797331e-04	-1.577600e-03	-2.186077e-03	5.593547e-05	-7.195766e-04	1.108933e-03	-2.313434e-04	3.269273e-03	4.093356e-04	1.271408e-03	-2.464140e-05	-2.761754e-04	-2.029350e-03	2.019285e-03	4.884641e-05	6.561215e-04	8.321625e-04	-1.162709e-03	7.773774e-04	1.784725e-03	5.775129e-04	-4.952231e-03	-4.668657e-03	1.590252e-03	1.925005e-03	-1.244457e-03	9.416441e-04	1.501559e-03	2.613876e-04	-1.233169e-03	-5.346601e-04	-1.589116e-03	3.871234e-03	3.871234e-03	1.181430e-03	1.078304e-03	-5.529968e-05	3.204337e-04
473_pair	4.027005e-03	-2.603830e-03	6.217119e-03	-8.142283e-06	3.180905e-03	-2.733753e-03	1.027057e-03	-5.590980e-04	-2.490700e-03	-2.299668e-03	1.787851e-03	-7.100644e-03	9.506426e-03	-4.069846e-03	-3.042687e-03	-3.597959e-03	1.494592e-04	2.787491e-03	-2.469513e-02	2.566231e-03	1.222628e-03	8.595246e-04	-8.407861e-03	-7.173159e-03	4.320887e-03	2.776801e-03	4.096764e-03	-1.247660e-02	7.423745e-03	2.682215e-03	-7.102575e-04	-8.467273e-03	6.557499e-03	1.361252e-03	3.401355e-03	6.843660e-03	7.574633e-03	-5.554454e-03	1.118040e-02
477_pair	2.671823e-03	9.841489e-05	4.136252e-03	1.354223e-03	3.446736e-03	-6.439361e-03	7.652067e-03	-5.185870e-03	-3.676245e-03	0	3.584881e-03	-5.312331e-03	1.110473e-02	-1.471079e-03	-1.033144e-03	-6.130072e-03	2.188984e-03	5.752809e-03	-1.719329e-02	3.527023e-03	3.099714e-03	4.825279e-03	-6.092147e-03	-6.608310e-03	1.089437e-03	-1.791863e-03	6.190346e-03	1.654626e-03	8.012308e-03	2.211378e-03	-3.329513e-03	-1.265901e-03	7.487683e-03	-4.564968e-03	2.070295e-02	1.496403e-02	1.185023e-02	-1.718462e-03	1.244110e-03
519_pair	1.912373e-03	-3.027686e-04	-1.624800e-03	-7.079993e-04	1.117904e-04	-1.771804e-03	-8.080230e-04	2.343551e-05	1.001864e-03	2.118898e-04	-5.478416e-04	-3.469137e-04	5.275766e-04	-1.953911e-04	1.019582e-03	-7.038534e-04	4.726817e-04	3.527153e-04	-2.339733e-03	3.748792e-04	1.587172e-03	9.721025e-04	-3.717010e-03	-5.206965e-03	-2.332547e-03	2.656388e-03	-2.015050e-03	5.787487e-03	2.093814e-03	9.502104e-04	9.544189e-06	-5.383720e-04	-1.220689e-04	8.956674e-03	4.878340e-03	1.319983e-03	1.814568e-03	3.921196e-04	2.662855e-03
523_pair	-8.576725e-05	1.757047e-03	5.570528e-04	-3.953234e-04	-2.239405e-04	-8.918755e-04	1.394239e-03	9.351512e-05	-1.372731e-03	5.121113e-04	-4.922481e-04	6.096315e-04	5.868053e-04	8.575237e-04	7.306328e-04	0	7.588641e-04	-3.809340e-04	-7.446252e-04	3.822499e-04	-1.366978e-03	8.331992e-04	-4.841367e-03	-3.443922e-03	3.106708e-04	2.640193e-03	-9.016125e-04	5.234062e-04	-1.612468e-04	1.646183e-03	9.848982e-03	-1.404013e-03	-1.404013e-03	7.893873e-03	2.300456e-03	-2.412747e-03	2.084262e-03	1.604456e-03	1.308355e-03
564_pair	-1.933167e-03	-1.650197e-03	-1.316534e-03	4.431729e-04	1.110185e-03	4.750489e-04	2.423021e-03	3.129950e-03	-6.725792e-04	-1.684644e-03	-1.668039e-03	-1.040821e-03	4.214117e-04	-1.538212e-03	-2.153411e-03	6.529190e-04	5.837109e-04	-8.025775e-04	-8.827256e-03	1.271344e-03	0	1.046991e-03	5.466013e-01	5.482866e-01	-5.947280e-03	1.724487e-03	-2.248290e-03	-5.044782e-03	-3.291724e-04	-1.002896e-02	-1.104149e-02	-4.567216e-03	1.984044e-03	-2.471317e-02	8.849557e-01	2.262531e-03	3.608436e-03	-2.470308e-03	-7.566413e-03
577_pair	-3.231316e-03	-3.250436e-03	2.108915e-03	2.512957e-03	2.559910e-03	3.518492e-04	1.295927e-03	2.486847e-03	5.980532e-03	6.874279e-04	-3.865028e-03	-9.124227e-01	4.085830e-03	-9.723026e-04	-4.523908e-03	2.072679e-03	5.230957e-03	-4.434613e-03	-1.357038e-02	-2.237449e-03	2.244604e-03	-1.491165e-03	-4.359850e-03	-8.669817e-03	6.332639e-03	1.687073e-03	-6.695332e-03	-1.588330e-02	-6.740060e-03	-1.109773e-02	-1.224336e-02	1.905289e-03	6.508400e-03	-1.875224e-02	-1.219663e-02	4.927114e-03	-1.248054e-02	6.109135e-04	-1.815469e-02
594_pair	3.216666e-03	2.178235e-03	-5.878572e-04	7.022951e-04	-2.984333e-03	-8.598813e-04	-7.650349e-04	-2.458939e-03	-2.816210e-04	1.725281e-03	2.125921e-03	2.301156e-03	-3.742622e-03	-4.406447e-03	-4.474138e-03	-6.590463e-04	-7.367687e-03	-4.435388e-04	-2.948940e-04	-2.230164e-04	8.606071e-04	3.000754e-03	-2.294850e-03	-1.889573e-03	7.771706e-04	-3.427872e-03	-6.345522e-04	4.232139e-03	2.836778e-03	5.204751e-03	2.525821e-03	1.282001e-03	1.780741e-03	2.855472e-03	4.333921e-03	-3.955302e-03	0	-2.585248e-04	4.510122e-03
628_pair	1.089271e-03	-1.126096e-03	-8.818917e-04	2.826327e-03	1.338698e-03	1.614972e-04	1.585206e-03	2.038649e-03	1.076646e-03	4.482466e-04	-2.554184e-03	2.829289e-03	1.528384e-03	1.672142e-03	-1.951680e-03	2.050116e-03	1.035198e-03	-6.648567e-04	-2.244048e-03	1.457071e-03	-7.574483e-04	6.354767e-04	-1.782399e-03	-2.171562e-03	2.580172e-03	-2.789193e-04	-3.316859e-03	-6.124815e-03	-3.941663e-03	-4.616461e-03	-2.038152e-03	-1.108600e-04	-1.108600e-04	1.251989e-03	-4.584996e-03	-3.964494e-03	-2.095233e-03	1.540074e-03	-5.028207e-03
654_pair	-6.783896e-03	-1.903426e-03	-7.186912e-04	1.903245e-03	1.470297e-03	-3.234880e-05	3.254278e-04	3.332798e-03	4.915705e-04	-6.202684e-04	-2.017358e-03	3.357824e-03	1.955172e-03	9.873524e-04	-6.134641e-04	0	9.421064e-04	-9.186506e-04	-3.462817e-03	-3.531614e-03	1.805477e-03	-1.843635e-03	5.611683e-01	5.554337e-01	2.829950e-03	3.147104e-03	-4.644378e-03	-1.021792e-02	-4.751799e-03	-8.587675e-03	-5.229767e-03	5.747482e-01	5.781663e-01	5.629783e-01	5.652313e-01	-1.595105e-03	-7.473227e-03	1.456276e-03	-1.052887e-02
661_pair	-8.435901e-03	-6.212180e-03	2.507908e-04	4.048828e-03	4.708905e-03	4.223149e-03	6.135879e-03	9.578033e-03	7.424682e-03	4.433580e-03	-3.125665e-03	3.648017e-03	3.120908e-03	3.923781e-03	-2.490511e-03	6.320745e-03	8.988667e-03	-5.898564e-03	-4.150124e-03	-9.006278e-04	7.250844e-03	-4.331109e-03	-3.611141e-03	-3.611141e-03	-5.754609e-03	-1.375599e-03	-5.899992e-03	-1.150895e-02	-4.971598e-03	-1.174893e-02	-1.090013e-02	-3.472164e-03	3.203883e-03	-1.101994e-02	-2.053562e-02	1.406225e-03	-1.037140e-02	-2.317448e-03	-1.853129e-02
677_pair	7.178198e-04	-1.333937e-03	-1.631994e-03	1.585895e-03	-8.454189e-04	3.548170e-03	-2.697586e-03	3.186261e-03	2.975130e-03	3.536547e-03	-2.346168e-03	3.970116e-04	3.062683e-03	4.549561e-03	0	3.837624e-03	2.649430e-03	-5.953633e-04	2.014636e-03	-1.090047e-04	-1.477802e-03	6.792115e-04	-5.074447e-04	-1.207791e-03	-5.500055e-03	-2.860262e-03	-6.218433e-03	-7.010652e-03	-6.094185e-03	-6.135899e-01	4.363843e-01	2.220797e-03	-5.185517e-04	-1.671798e-02	-1.063778e-02	-3.820993e-03	-9.384057e-03	-2.857266e-03	-1.036043e-02
684_pair	-5.929606e-05	-6.774329e-04	-2.132243e-04	1.367801e-04	-2.097165e-04	-1.011762e-03	4.164058e-04	1.398595e-03	3.025299e-04	3.025299e-04	-2.414916e-04	3.039185e-04	-1.379385e-04	-8.460324e-04	0	-1.082608e-03	8.610828e-04	5.161828e-04	2.042296e-04	6.912236e-05	-3.075803e-05	2.249231e-03	-2.689516e-03	-2.689516e-03	1.097449e-03	1.217179e-03	-5.475344e-04	2.148233e-03	2.787621e-04	6.544878e-04	-2.761874e-03	3.480134e-04	3.480134e-04	3.550490e-03	2.833120e-03	1.636849e-03	3.988906e-03	-3.332413e-04	2.771373e-03
723_pair	-2.095690e-03	-2.873405e-03	-1.892123e-03	1.375430e-03	-1.600203e-04	1.542515e-03	1.842943e-03	2.468013e-03	3.712570e-03	1.261780e-03	-4.763240e-03	3.355385e-03	1.727904e-03	1.875840e-03	-4.746143e-04	8.050915e-04	4.921166e-03	-2.538910e-03	-4.677469e-03	-2.541179e-03	1.993338e-03	-2.512477e-03	5.384781e-01	5.381071e-01	9.625730e-04	0	-5.585173e-03	-8.934132e-03	-3.241714e-03	-5.127828e-03	-6.602899e-03	-1.439245e-04	3.145432e-03	-1.456315e-02	-1.821761e-02	-7.761607e-04	-7.281121e-03	-2.238105e-03	-1.054582e-02
745_pair	-3.293130e-03	-2.239913e-04	-2.931594e-03	2.731844e-03	-1.982943e-03	3.231818e-03	-1.295868e-03	1.032924e-03	9.502278e-04	4.065871e-03	3.060502e-03	3.781030e-03	5.465161e-03	4.436451e-03	8.387885e-04	1.317436e-03	6.463074e-03	0	-1.510314e-03	-2.945005e-03	-7.173721e-05	-7.173721e-05	4.108406e-03	3.518688e-03	1.151045e-03	-9.715009e-05	-3.645640e-03	-6.076659e-03	-5.286777e-03	-5.428453e-04	-2.302890e-03	5.278456e-04	1.335910e-03	-8.947748e-05	-1.193697e-02	-3.049250e-03	-7.494201e-03	-2.541627e-03	-4.560123e-03
749_pair	3.338886e-03	-8.609014e-04	3.563133e-01	2.023652e-03	2.316396e-03	5.414705e-03	1.399347e-03	6.550894e-03	2.356349e-03	3.982087e-03	-1.483687e-03	-9.753240e-01	3.082786e-03	2.909012e-03	2.459618e-03	3.516138e-03	2.840723e-03	-1.783383e-03	-3.409293e-03	-5.111095e-05	1.536124e-03	5.723919e-04	-6.598166e-03	-1.004582e-02	4.824386e-03	-1.129060e-03	-7.362520e-03	-1.246989e-02	-6.857046e-03	-1.449569e-02	-9.494193e-03	2.486458e-03	0	-1.583996e-02	-1.532221e-02	-4.567418e-01	-1.293429e-02	-6.432495e-04	-1.373678e-02
753_pair	1.033466e-03	1.104287e-03	-9.838696e-04	5.926499e-04	-1.564502e-03	-1.294437e-03	-2.251500e-03	8.117311e-04	4.969410e-04	-8.423993e-04	-3.938871e-05	5.176431e-04	-2.160425e-04	-1.877037e-04	5.022992e-03	-1.806415e-03	-2.002717e-03	7.481428e-04	1.928949e-03	-9.784787e-04	-1.346460e-03	-6.539134e-04	-3.580006e-03	-2.092259e-03	1.398119e-04	6.147204e-04	-7.575713e-05	5.941677e-04	4.485015e-04	5.447715e-03	2.498121e-03	3.844886e-03	-1.912349e-04	1.184985e-02	8.346081e-03	-2.219034e-03	2.362492e-03	1.439549e-04	7.948812e-03
761_pair	-8.023666e-03	-5.012778e-03	1.142272e-01	5.759815e-03	6.833726e-04	4.350569e-03	-4.489925e-04	4.894616e-03	3.192717e-03	5.472070e-03	-4.020809e-03	6.130109e-03	3.338522e-03	4.540144e-03	-6.690438e-03	5.530711e-02	6.805753e-03	-6.753377e-03	-5.615050e-03	-2.743177e-03	0	-3.561096e-03	2.914305e-03	-5.018917e-03	2.180615e-03	-4.348152e-03	-1.209193e-02	-2.094254e-02	-1.008671e-02	-1.730093e-02	-1.302410e-02	-4.232615e-03	3.488740e-03	-2.333175e-02	-2.291205e-02	-3.492703e-03	-1.873506e-02	-2.468525e-03	-2.098299e-02
776_pair	-1.724830e-03	-2.281375e-05	-6.956998e-04	1.847330e-03	4.305310e-04	-1.943828e-03	0	-1.893367e-03	5.323430e-03	-6.147837e-04	1.187072e-03	-2.359803e-03	5.861409e-04	-3.972459e-03	3.768066e-03	-3.680679e-04	7.594058e-04	1.449989e-03	3.266612e-05	1.908996e-03	2.017423e-03	7.674954e-04	-4.720382e-03	-4.734062e-03	1.475759e-03	-2.906050e-04	1.527123e-03	6.207847e-03	6.574492e-03	2.367755e-03	-2.093350e-03	2.707353e-03	1.560974e-03	-2.155592e-03	4.958136e-03	7.836851e-03	5.484285e-03	1.919826e-03	5.992574e-03
783_pair	-1.368434e-03	5.029836e-05	-1.556028e-03	2.017062e-03	2.511751e-03	-1.920157e-03	3.212323e-03	-2.734292e-03	-1.131045e-03	-3.488640e-03	1.762684e-03	-2.696940e-03	3.618440e-03	-1.134871e-03	6.362138e-04	-1.543605e-03	3.918376e-03	-3.621499e-04	-4.513934e-03	-2.379459e-03	1.137501e-04	-7.462666e-04	-6.683988e-03	-6.683988e-03	2.262632e-03	5.942748e-03	-9.167579e-04	-1.355586e-03	6.174217e-03	1.869691e-03	-6.077118e-03	7.600212e-04	3.009841e-03	-1.258208e-02	4.171293e-03	1.315213e-02	4.958401e-03	2.052276e-03	7.491330e-03
785_pair	-1.867026e-03	-5.357492e-03	1.591142e-03	9.930502e-04	6.687417e-03	2.329238e-03	3.947535e-03	-2.597400e-03	-7.757836e-04	-3.472647e-04	-1.293538e-04	4.775924e-04	-1.081732e-03	3.159324e-03	1.181991e-03	-7.575100e-03	7.462901e-03	1.433630e-03	9.347396e-04	2.373810e-03	3.665476e-03	4.979252e-03	-5.047279e-03	-8.435464e-03	-8.867756e-04	-2.162943e-03	-3.493844e-03	8.583080e-03	6.138949e-03	-1.816913e-03	-7.312409e-03	1.195968e-03	5.612337e-03	6.230972e-03	1.808115e-03	6.912771e-03	-5.046844e-04	-5.672106e-04	-4.117888e-03
795_pair	-6.238916e-04	1.792422e-03	-3.802401e-04	1.195221e-04	1.260016e-03	-4.205087e-04	1.553907e-04	0	8.786697e-04	-2.786003e-05	-7.407592e-04	-6.142692e-04	1.353557e-04	-1.012050e-03	1.070833e-03	-1.846076e-04	-1.746171e-03	2.009604e-03	-1.451367e-04	5.437579e-04	1.284338e-04	-7.585397e-04	-2.716663e-03	-2.015824e-03	-4.189530e-03	2.588615e-04	1.409632e-03	1.469260e-03	-6.775669e-04	1.099089e-03	4.505137e-04	8.684867e-05	-7.064956e-04	-7.633912e-04	2.133555e-03	1.104188e-03	8.510915e-04	-1.742836e-03	-4.195940e-04
802_pair	-2.113183e-04	9.570900e-04	-2.722118e-04	2.672811e-04	-1.348408e-04	-1.999688e-03	-2.103780e-03	-1.564581e-03	2.232762e-03	-1.492312e-03	4.990482e-04	-2.264662e-03	1.531134e-03	-2.518046e-03	4.106270e-03	-5.531363e-04	-2.895781e-04	4.645776e-03	-2.203327e-03	3.024493e-03	1.946788e-04	3.272635e-03	-4.245890e-03	-6.583417e-03	7.745496e-04	-3.019025e-03	-1.471452e-03	3.169573e-03	5.645533e-03	5.907601e-03	-4.065028e-03	5.919192e-03	-6.331693e-04	-2.601835e-03	1.076791e-03	4.602878e-03	7.529334e-04	1.564756e-03	2.548924e-03
804_pair	1.410464e-03	1.686279e-04	0	-1.078987e-03	1.501338e-03	-3.142262e-03	-1.883435e-03	-4.406310e-03	-2.866417e-03	-3.014430e-03	3.980505e-03	-3.078699e-03	1.598878e-03	-2.936240e-03	-3.856817e-03	-3.248254e-03	-3.795404e-04	3.789261e-03	-1.077833e-02	2.095239e-03	-3.004853e-04	5.077178e-04	5.062965e-01	5.081354e-01	1.354097e-03	-7.861666e-01	1.000166e-03	2.990125e-04	1.829302e-03	5.078994e-03	-2.292604e-03	-1.590695e-03	3.561107e-03	2.874531e-03	5.045004e-04	5.694636e-03	8.106158e-03	4.382764e-04	1.115927e-02
824_pair	-7.536907e-03	-7.253084e-04	-1.005064e-04	3.386218e-03	3.421834e-03	1.431985e-03	4.733445e-03	3.128802e-03	5.403954e-03	7.496788e-04	-3.670658e-03	2.706187e-03	1.534107e-03	-8.702932e-04	1.390959e-04	1.487094e-03	0	-4.600188e-03	-1.230949e-02	-9.802661e-04	3.985527e-03	-3.664756e-03	5.502389e-01	5.503043e-01	6.259667e-03	3.217510e-03	-7.779316e-03	-1.990331e-02	-5.794583e-03	-1.845456e-02	-1.521251e-02	-9.982812e-03	1.956436e-03	-3.998685e-02	-2.250451e-02	4.747859e-04	-1.525731e-02	-6.542059e-04	-1.367691e-02
832_pair	-1.735944e-03	-1.335225e-04	3.912536e-04	-6.469673e-04	1.612909e-03	1.891326e-03	2.822133e-04	-2.933769e-04	1.902205e-03	-6.926691e-04	1.369512e-03	1.467405e-03	-7.721727e-04	-4.708895e-05	-2.621979e-04	-3.924129e-04	7.349972e-04	-2.054046e-05	-6.328272e-04	-9.316768e-04	4.707593e-05	6.569159e-04	-1.514722e-03	-2.265552e-03	1.303905e-03	8.719950e-04	-1.401621e-04	-2.752116e-03	-5.050154e-05	8.334750e-04	-3.881777e-03	1.428984e-03	9.379773e-04	-1.835050e-03	1.815960e-03	1.149204e-03	-4.562326e-03	1.592875e-03	-3.178005e-03
853_pair	5.713937e-05	-4.636387e-03	-1.060811e-03	7.760600e-04	-4.572504e-04	4.926464e-05	1.828927e-03	1.004915e-03	4.827526e-03	3.130544e-04	-4.456932e-03	3.523371e-03	1.709081e-03	-7.902041e-04	4.686344e-04	-1.523894e-03	1.905862e-03	-1.968658e-03	-7.081471e-03	-1.468338e-03	-4.279972e-04	-4.310708e-03	5.509065e-01	5.499187e-01	2.449501e-03	2.795604e-03	-4.654308e-03	-8.720654e-03	-4.908750e-03	-6.843292e-03	-1.244049e-02	-4.613040e-03	6.188975e-04	-1.689381e-02	-1.218216e-02	3.240717e-03	-7.403182e-03	0	-1.105790e-02
862_pair	-4.379235e-03	-3.168275e-03	2.043651e-04	-6.789517e-04	1.517607e-03	-1.257985e-03	1.283270e-03	9.401599e-04	2.247259e-03	-7.132090e-04	-5.198526e-03	2.490058e-04	2.080388e-03	-2.868042e-03	-8.158685e-04	3.998848e-04	1.986164e-03	-1.824807e-04	-2.679756e-03	1.083566e-03	4.346195e-03	-1.843764e-04	5.026719e-01	5.007119e-01	8.346135e-04	1.893855e-03	1.437373e-04	-6.145715e-03	9.664142e-04	-4.145194e-03	-7.486137e-03	1.580441e-03	3.428822e-03	-8.963948e-03	-5.276664e-04	2.696741e-03	-3.846693e-03	-2.209405e-03	-9.977745e-03
875_pair	1.959254e-04	1.240510e-03	1.329896e-03	-8.713402e-04	-1.144049e-04	-1.724102e-03	-1.146740e-04	-1.729194e-03	-7.975720e-04	-3.018599e-04	1.601669e-03	-1.288377e-03	2.602776e-03	-1.187310e-03	-1.419180e-03	-2.348360e-03	5.138454e-04	2.642589e-03	-4.468902e-03	-5.594631e-05	-9.783007e-04	4.639103e-03	-7.761811e-04	-1.963050e-03	4.744043e-04	1.980999e-03	2.092530e-03	-5.165937e-04	2.142949e-03	-7.428800e-03	7.396089e-04	-7.522630e-04	-5.695641e-05	5.434742e-03	8.735473e-03	3.390508e-03	7.678942e-03	-3.347441e-04	9.134190e-03
880_pair	5.238997e-05	-6.463394e-04	-4.120923e-04	1.613262e-04	8.464710e-04	5.591072e-01	1.182982e-03	-3.698447e-04	3.473019e-03	1.183890e-03	-1.386260e-03	6.760280e-04	1.613768e-03	-2.866361e-05	-9.535545e-01	-8.393665e-05	1.950996e-04	5.713814e-04	-2.885023e-03	-6.334532e-04	3.362577e-04	4.475520e-04	-3.890913e-03	-7.711878e-03	-4.588424e-03	1.916702e-03	-4.214732e-04	-1.493478e-04	2.029515e-03	-7.240330e-04	-3.476337e-03	1.578567e-03	-2.441114e-04	-5.398919e-03	2.271087e-03	5.119024e-03	-1.002775e-03	1.367234e-03	-9.017605e-04
887_pair	-3.115911e-03	-1.199258e-02	2.875009e-05	4.834407e-03	1.473745e-03	-4.941262e-04	6.585842e-03	-1.885192e-04	-7.269418e-04	-3.978284e-04	-1.891069e-03	-2.213041e-01	1.248353e-02	-6.070080e-03	1.297733e-03	2.687522e-03	0	0	-3.192555e-02	6.705095e-03	3.755033e-03	-1.052881e-02	3.544134e-01	3.554354e-01	5.172178e-03	6.349591e-03	2.970809e-03	-2.172962e-02	-8.370089e-03	-3.013863e-02	-2.182363e-02	2.429519e-03	7.245233e-03	-6.546221e-02	-1.980270e-02	1.461441e-02	-1.973586e-02	6.709937e-03	-1.638450e-02
CLL-CW114_pair	-1.075835e-03	1.570374e-03	2.651378e-03	-2.591869e-03	-7.541799e-05	-9.072394e-04	1.600254e-04	-1.993028e-03	-3.722885e-03	-8.741267e-04	1.893383e-03	-4.427085e-04	-4.839438e-04	-9.507248e-04	5.000316e-03	-2.822035e-03	-2.825399e-03	3.871220e-03	-5.322572e-05	2.983907e-03	-2.023713e-03	5.611652e-03	-4.610323e-06	-1.775171e-03	-1.520223e-03	3.326325e-03	5.939736e-03	7.860835e-03	3.326850e-03	1.184157e-02	8.624324e-03	-5.226865e-04	-2.369853e-03	8.777523e-03	7.957601e-03	4.279550e-03	7.507881e-03	7.067394e-04	9.898131e-03
CLL-CW119_pair	-1.975603e-03	-2.315208e-03	-1.830846e-03	-1.501733e-03	1.879741e-03	6.798194e-05	1.345615e-03	-2.940504e-03	-3.386961e-04	0	-3.442410e-03	-8.196504e-04	-1.432622e-03	-9.882039e-04	3.365436e-03	1.494235e-03	-4.055287e-04	8.050647e-04	-7.496311e-04	8.254864e-04	2.502718e-04	4.844362e-03	-7.483380e-04	-7.042203e-04	-4.196587e-03	1.284780e-03	1.879136e-03	6.511453e-03	3.814696e-03	7.953419e-03	5.688749e-03	-3.611709e-03	7.426427e-04	2.247952e-02	1.551927e-02	6.946406e-03	7.701351e-03	-6.199531e-03	1.310894e-02
CLL-CW126_pair	2.301117e-03	1.376154e-03	2.974520e-03	-1.303737e-03	-2.924536e-03	-8.814167e-04	-1.027383e-03	-5.673818e-04	6.247930e-05	-2.001571e-03	-1.697733e-03	-7.602047e-05	-3.577853e-04	-1.824167e-03	4.048311e-03	-7.030396e-04	9.183172e-04	-1.740589e-04	-2.311478e-03	1.751285e-03	-1.230502e-03	4.361036e-03	-1.898773e-03	-1.047001e-03	-3.136112e-03	3.662272e-03	5.281076e-03	5.616916e-03	5.213932e-03	8.707772e-03	8.558950e-03	1.154892e-04	-2.094554e-03	1.396746e-02	9.166810e-03	8.510075e-03	4.920683e-03	-3.988863e-03	1.066498e-02
CLL-CW127_pair	4.202843e-03	3.111000e-04	5.708440e-04	-8.969995e-04	1.098192e-03	4.293551e-04	-8.965012e-04	-4.904855e-03	-2.210580e-03	-2.139500e-03	-4.417918e-03	-8.707196e-04	-2.100666e-03	-2.202331e-03	5.420607e-03	-1.685478e-03	-1.749569e-03	8.989871e-05	-3.297572e-03	1.287944e-03	-5.391289e-04	3.242615e-03	5.132047e-01	5.152592e-01	-2.490054e-03	1.074882e-03	6.444808e-04	8.817880e-04	1.127744e-03	1.438340e-03	6.721452e-04	-1.062895e-03	-9.431115e-04	8.201762e-03	7.057994e-03	6.395812e-03	5.785430e-03	-2.279489e-03	5.106987e-03
CLL-CW176_pair	3.644339e-03	0	7.382570e-03	-2.070251e-03	-6.115794e-03	-8.686106e-03	-2.258072e-03	-3.708512e-03	7.687256e-04	-3.032881e-03	-4.483721e-04	-7.302200e-03	1.379229e-03	-1.968603e-03	-7.304802e-01	1.721124e-03	-3.484859e-03	5.147828e-03	1.847014e-03	6.806777e-03	3.337787e-03	-2.588291e-03	-6.672301e-03	2.384803e-03	-2.059065e-02	4.005797e-03	8.374661e-03	1.730616e-02	7.847831e-03	-8.574393e-01	9.713504e-03	-1.676536e-02	-9.483595e-04	2.095599e-02	1.329837e-02	-7.296216e-01	1.732419e-02	4.199671e-03	1.885798e-02
CLL-JB-0003_pair	3.412492e-03	-4.433982e-04	1.691836e-02	7.248723e-04	2.396625e-03	-1.714922e-04	-2.222535e-03	-3.380926e-03	-3.199002e-03	-8.457085e-04	-1.677672e-03	-5.571765e-04	-2.256588e-04	-7.456597e-04	2.359021e-03	4.662875e-04	8.347549e-04	1.079235e-03	-9.975944e-04	2.034597e-03	-1.493545e-03	1.330863e-03	-2.204021e-04	-9.570853e-04	-4.967535e-03	1.074675e-03	4.810606e-04	3.465290e-03	-1.450171e-03	2.521903e-03	5.323255e-03	-1.311869e-02	1.046367e-03	5.634149e-03	5.031485e-03	5.696372e-03	2.132620e-03	2.520120e-03	3.413155e-03
CLL-JB-0004_pair	3.958150e-03	-2.697088e-03	-2.203485e-04	4.029946e-04	2.879057e-04	-1.804699e-03	-8.546810e-04	-4.751760e-03	-1.680359e-03	0	-9.514503e-04	-6.811310e-04	-1.843390e-03	-1.549000e-03	6.108448e-04	-2.569166e-03	6.783825e-04	6.783825e-04	4.377767e-04	6.308930e-04	-3.926674e-03	-2.197478e-03	-4.667833e-05	1.661302e-03	-7.876153e-04	9.206298e-04	1.650832e-03	1.439198e-03	-2.551931e-04	5.669006e-03	2.898541e-03	-6.584859e-04	-2.330766e-03	1.416731e-02	1.097766e-02	-1.003723e-03	7.267250e-03	-2.804887e-03	1.294954e-02
CLL-JB-0005_pair	5.291138e-03	-3.489100e-03	4.605097e-04	5.883746e-04	3.160482e-03	1.454767e-03	-1.693563e-03	-6.636795e-03	-7.830416e-03	-5.300591e-04	4.920534e-03	4.870916e-04	1.500813e-03	4.277314e-03	4.671548e-03	-1.354568e-03	-5.116862e-03	7.281236e-04	2.627204e-04	4.261218e-03	-5.884545e-03	2.340093e-03	-4.561295e-03	-2.444325e-03	-6.036065e-03	-1.939580e-03	6.315392e-03	3.031288e-03	8.937515e-04	2.809512e-03	8.260291e-03	-5.036286e-04	-2.534147e-03	2.140755e-02	1.894905e-02	5.563493e-03	9.334048e-03	5.958721e-04	1.060411e-02
CLL-JB-0006_pair	2.461116e-03	8.684115e-04	0	-1.315656e-06	6.137364e-04	9.476046e-04	-2.033593e-03	-2.769055e-03	-2.700229e-03	-1.984231e-04	-1.519057e-03	-1.671633e-03	-7.546036e-04	-1.340173e-03	2.049147e-03	-1.209305e-03	-2.260572e-03	2.572850e-03	-2.022927e-03	-5.491227e-04	-3.896249e-03	2.491963e-03	-1.547297e-03	1.236930e-03	-4.472360e-03	2.836598e-04	3.455789e-03	1.852735e-03	1.632996e-03	5.471069e-03	3.278276e-03	-3.734906e-03	2.742608e-04	1.450522e-02	1.005361e-02	5.849366e-03	2.220819e-03	-4.396972e-03	8.423219e-03
CLL-JB-0007_pair	2.508039e-03	-2.353504e-03	1.277164e-03	-2.806768e-04	1.591311e-03	0	-1.079054e-03	-4.896535e-03	-4.675209e-03	-1.067878e-03	-7.304677e-04	1.634348e-03	6.188424e-04	-9.371466e-04	-2.645012e-04	-1.560259e-04	-2.004061e-03	6.470600e-04	1.812612e-03	1.583890e-04	-2.711386e-03	5.311582e-03	-1.844084e-03	2.050049e-03	-2.715019e-03	1.413266e-03	3.615015e-03	1.985272e-03	9.672503e-04	4.250526e-03	3.662729e-03	-5.393919e-04	4.928515e-04	1.204302e-02	9.325749e-03	5.164459e-03	8.213444e-03	-6.398264e-04	8.956230e-03
CLL-JB-0008_pair	-1.325795e-04	-1.853095e-03	7.350057e-04	-1.621811e-03	-8.050458e-04	-2.336047e-04	-1.482875e-03	-2.190020e-03	-2.405187e-03	-5.960980e-04	-2.504715e-03	-6.000659e-05	-1.471436e-03	1.339182e-04	1.774527e-03	2.324334e-04	-3.613564e-05	3.010248e-03	-9.139365e-04	3.861421e-04	3.614542e-03	2.635015e-03	3.889207e-03	7.490978e-03	-4.465329e-03	1.790196e-03	1.589634e-03	1.052049e-03	1.393009e-03	7.184342e-03	4.073775e-03	5.846036e-05	-1.161550e-03	6.799659e-03	6.019077e-03	3.142083e-03	2.312743e-03	-4.542060e-03	6.140226e-03
CLL-JB-0009_pair	3.532021e-03	-4.881633e-04	-2.877074e-03	1.606581e-03	1.683562e-03	-1.033387e-03	-4.819683e-03	-4.538462e-03	-8.135365e-03	1.098794e-03	-9.682331e-04	-1.650610e-03	-2.916590e-03	-1.308788e-03	2.612956e-03	-7.479986e-04	-8.168973e-04	5.417542e-03	-9.306096e-04	1.788520e-03	-3.613579e-03	2.281436e-03	-2.262525e-03	-1.713104e-03	-1.195071e-03	6.279799e-04	2.882059e-03	4.273415e-03	1.222836e-03	6.728479e-03	6.620446e-03	-2.898199e-03	5.009012e-04	2.036696e-02	1.056148e-02	4.730259e-03	1.203547e-02	-1.690066e-03	1.029925e-02
CLL-JB-0010_pair	5.281285e-03	-3.692884e-03	1.935859e-03	3.620082e-04	-4.087068e-04	2.703473e-02	-5.447675e-03	-6.043351e-03	-5.466705e-03	-3.655065e-04	1.042917e-03	-2.442194e-03	-3.966738e-03	-4.256350e-03	3.147555e-03	-2.146625e-03	-4.396342e-03	1.206690e-03	-9.534016e-04	2.022449e-03	-8.287108e-03	0	-1.990160e-03	-2.002871e-03	-7.349477e-03	-7.513948e-04	6.672219e-03	3.846693e-03	2.770125e-03	7.847270e-03	1.089105e-02	7.283061e-03	8.961326e-05	1.450400e-02	1.217171e-02	9.628533e-03	1.323063e-02	-8.337794e-03	1.814562e-02
CLL-JB-0011_pair	6.851633e-03	-1.873982e-03	1.718632e-03	1.828395e-04	2.261374e-03	-1.118627e-03	-4.519260e-03	-5.169274e-03	-7.237264e-03	2.237700e-03	3.102448e-03	-7.257994e-04	-2.454607e-05	-1.929852e-03	6.314750e-03	1.261338e-03	-4.244083e-03	2.092433e-04	1.934713e-03	1.337898e-03	-6.052596e-03	6.796844e-03	-5.842938e-04	3.171337e-03	-4.170494e-03	2.165683e-03	0	1.127697e-03	-2.144451e-03	1.653022e-03	6.048111e-03	-3.407471e-03	-5.915924e-04	2.061521e-02	1.767300e-02	5.211497e-03	1.174461e-02	-2.914492e-04	8.198433e-03
CLL-JB-0012_pair	3.635631e-03	-6.073792e-04	1.549631e-03	-2.631027e-03	-9.239953e-04	-2.936687e-03	-4.923406e-03	-3.522426e-03	-1.694193e-03	-1.807130e-03	-1.518426e-03	8.204835e-05	5.002657e-04	-1.538114e-03	5.509988e-03	-1.671044e-03	-1.022902e-03	5.365937e-04	7.967136e-04	3.505544e-03	-4.632758e-03	2.723530e-03	-3.009447e-03	2.343774e-04	-2.969696e-03	1.601219e-04	2.646449e-03	2.204426e-03	4.542453e-03	2.210861e-03	6.733362e-03	-5.955744e-04	-7.102380e-04	1.362679e-02	1.059750e-02	1.281169e-03	6.355569e-03	-5.040638e-03	9.821266e-03
CLL-JB-0013_pair	1.848737e-03	3.513784e-03	1.555262e-03	-3.821454e-03	6.698304e-04	-2.058759e-03	-7.757977e-04	-1.465229e-03	2.263586e-03	-2.425203e-03	-3.017356e-03	-2.373523e-03	5.195573e-04	-3.321514e-03	5.809486e-03	-3.818502e-04	8.297014e-04	1.658934e-03	-6.401436e-04	2.227557e-03	-8.421887e-04	5.677179e-04	-4.909156e-03	-2.808703e-03	-2.346571e-04	5.105371e-03	6.247727e-03	5.021289e-03	8.523862e-03	7.134350e-03	3.913955e-03	3.653026e-04	-1.604437e-03	-4.776055e-03	9.026985e-04	1.348248e-02	1.680018e-03	4.175837e-05	3.657374e-03
CLL-JB-0014_pair	1.298855e-03	7.741936e-04	1.230664e-03	-1.174686e-04	-2.015412e-03	-1.348646e-03	-3.207905e-03	-2.142414e-03	-3.218219e-03	-1.604625e-04	-1.714529e-03	-3.707199e-04	-2.248737e-03	-1.125218e-03	1.071463e-03	-1.707723e-03	-1.075416e-04	1.686189e-03	-2.576289e-03	1.762525e-03	-1.096655e-03	2.368631e-03	-6.977370e-04	3.258065e-04	-4.015843e-03	3.848879e-03	2.640706e-03	1.170898e-03	0	7.910937e-03	5.837142e-03	1.395705e-03	1.715443e-04	1.372222e-02	9.476138e-03	7.680772e-03	6.230009e-03	3.255069e-03	7.722141e-03
CLL-JB-0016_pair	6.494484e-04	9.545858e-05	6.329853e-04	-8.070545e-04	-1.576825e-03	-3.540990e-04	-2.192958e-03	-2.547792e-03	-2.108822e-03	-1.796769e-03	-3.194097e-03	-1.387708e-03	-2.837621e-03	2.166023e-04	1.687873e-03	5.170144e-04	-1.020602e-03	2.814975e-04	-4.416300e-03	1.685203e-03	-1.266489e-03	1.344625e-03	3.241446e-04	1.455218e-03	-4.406185e-03	1.266874e-03	8.996005e-04	1.807070e-03	2.650146e-03	2.065990e-03	5.130811e-03	-4.847355e-03	4.271012e-04	1.066399e-02	6.089973e-03	7.623868e-03	2.315295e-03	-3.436607e-03	5.460387e-03
CLL-JB-0017_pair	1.614240e-03	-3.457275e-05	2.644228e-03	-1.842641e-03	0	-1.587142e-03	-3.016813e-04	-1.738735e-04	6.011514e-04	-1.245456e-03	-3.885223e-03	-1.250799e-03	-5.336398e-04	-1.456115e-03	2.700969e-03	-3.686260e-04	3.803507e-04	8.417745e-04	-2.128180e-03	2.338361e-03	-2.752351e-04	3.575533e-03	-2.568428e-03	-2.090754e-03	-1.279267e-01	3.436248e-03	2.921879e-03	1.917407e-04	1.658821e-03	5.661291e-03	2.572993e-03	-8.083096e-04	-1.395614e-04	1.568708e-03	1.199354e-03	7.903176e-03	4.659258e-03	9.942799e-05	5.445107e-03
CLL-JB-0018_pair	5.555704e-03	-2.283963e-03	-1.145830e-03	-4.420226e-04	-3.107199e-04	0	1.115446e-03	-6.249449e-03	-5.813715e-03	2.731124e-03	-1.093732e-03	3.827609e-04	-3.235059e-03	3.714050e-03	2.023184e-03	-3.367942e-03	-7.112748e-03	5.224156e-03	4.971951e-03	-3.862087e-04	-8.620596e-03	-7.551212e-04	2.063611e-03	-1.656760e-03	-3.678116e-03	3.355015e-03	1.131162e-03	1.328423e-02	-5.259213e-03	1.311104e-02	9.004439e-03	4.345344e-04	8.884336e-04	4.209501e-02	1.725453e-02	3.742605e-03	1.691738e-02	-3.092455e-04	1.404403e-02
CLL-JB-0023_pair	-9.501112e-04	3.047400e-04	7.643095e-04	-2.045097e-03	4.893097e-03	-2.977350e-03	-2.626055e-03	-5.627048e-03	-1.885750e-03	-3.989941e-03	-2.305399e-04	-3.742997e-03	3.297216e-04	-2.182249e-03	3.806296e-03	-3.610829e-03	-2.106830e-04	3.982026e-03	1.545963e-03	4.645754e-03	3.689557e-03	6.472734e-03	-5.128253e-03	-1.419477e-03	-1.497726e-02	6.644730e-04	4.319059e-03	1.240960e-02	6.772921e-03	6.592929e-03	4.386595e-03	2.618151e-03	8.574574e-05	1.795216e-02	1.199644e-02	1.098180e-02	1.454493e-02	3.995048e-03	1.354464e-02
CLL-JB-0024_pair	4.575049e-03	2.739737e-03	3.221288e-03	-2.140495e-03	-4.086138e-04	-3.175733e-04	-1.804557e-03	3.296258e-04	1.088615e-03	-2.953323e-03	-3.784369e-03	-1.273785e-03	-4.390770e-03	-2.450628e-03	7.516224e-04	-1.509312e-03	-2.524490e-03	1.721041e-03	-1.487800e-03	1.791052e-03	0	3.733732e-03	-4.970896e-03	-3.911321e-03	-2.139372e-03	3.886107e-03	8.641459e-03	6.040885e-03	6.237636e-03	7.744195e-03	7.796246e-03	4.398104e-03	-3.227633e-04	-2.042574e-03	4.936677e-03	5.265663e-03	7.197333e-03	-2.457413e-03	8.170422e-03
CLL-JB-0025_pair	-7.632339e-04	-8.166589e-04	2.029490e-03	-4.470987e-03	2.458326e-03	1.125160e-03	-1.684389e-02	1.292755e-02	-3.725094e-03	1.275942e-03	2.048571e-03	-3.787414e-03	-2.492695e-03	-2.896789e-03	-4.133041e-02	5.583745e-01	-3.051680e-02	2.413171e-03	-4.167972e-03	2.054831e-03	2.520338e-03	3.283287e-03	-4.133483e-03	2.087135e-04	-5.252765e-03	-1.146610e-03	-4.979076e-03	2.121621e-03	5.499692e-04	2.280121e-03	2.734708e-03	-5.478753e-02	-4.086418e-03	8.623325e-03	3.229555e-03	-1.502562e-03	1.223483e-03	-8.467544e-03	3.230621e-04
CLL-JB-0026_pair	4.145397e-03	-1.773723e-03	2.624665e-03	-1.781807e-03	1.358857e-03	-8.530033e-04	-1.756993e-03	-4.502015e-03	-5.404037e-03	1.571426e-03	1.442120e-03	2.303103e-05	-1.529587e-03	-4.187442e-04	4.106326e-03	-1.067709e-03	-2.327138e-03	2.916441e-03	1.155300e-03	2.511415e-03	-7.647147e-03	1.416244e-03	-3.331367e-03	8.414723e-04	-9.136126e-03	-1.223424e-03	-1.120295e-03	2.459426e-04	-7.296636e-04	3.606473e-03	3.863485e-03	-1.490117e-03	7.559503e-04	1.681759e-02	7.832214e-03	7.236815e-03	1.013945e-02	-1.734637e-03	1.216522e-02
CLL-JB-0029_pair	2.419731e-03	-5.218949e-04	-9.416383e-04	8.233649e-04	6.617235e-05	2.076378e-04	-1.707573e-03	-3.763517e-03	-3.612139e-03	4.344193e-05	-5.981545e-03	-1.195851e-03	-2.611310e-03	-2.250962e-03	1.361330e-03	-1.726011e-03	-4.924491e-03	1.569887e-03	-1.386424e-03	2.147256e-03	-2.738019e-03	4.019847e-03	-8.798788e-04	2.475654e-03	-4.073329e-03	2.671393e-03	3.407933e-03	6.732748e-03	1.734755e-03	8.369563e-03	5.537387e-03	-8.572887e-04	-3.963846e-04	1.964330e-02	1.860964e-02	7.462156e-03	1.162535e-02	-1.911329e-04	1.310040e-02
CLL-JB-0030_pair	1.728103e-03	-1.258632e-03	1.607509e-03	3.316269e-03	-2.620078e-04	-2.620078e-04	-1.514631e-03	-5.170995e-03	-2.909390e-03	1.229812e-03	-6.355823e-04	1.448599e-03	-3.405544e-03	7.224428e-04	6.753872e-04	-4.841400e-04	-3.984974e-03	1.690967e-03	-1.412120e-03	2.629373e-03	-2.662605e-03	2.993196e-03	-9.520518e-04	1.545183e-03	-1.933085e-03	-1.764121e-03	3.177481e-03	-1.194888e-03	-4.140079e-03	1.328331e-03	3.525940e-03	-1.690019e-03	3.597045e-04	1.773573e-02	1.187178e-02	4.086489e-03	7.377390e-03	1.395203e-08	9.240085e-03
CLL-JB-0031_pair	2.956681e-03	1.816155e-03	1.946384e-03	-2.102144e-03	-3.314497e-04	-2.244820e-04	-7.143594e-04	3.124391e-04	-2.463057e-03	-3.006741e-04	6.049660e-04	1.327748e-03	-2.220288e-03	-9.597932e-04	-2.218854e-03	-6.827846e-04	-2.999971e-04	-7.911639e-04	-4.689911e-03	-1.051336e-03	7.919331e-04	1.844784e-03	7.541402e-03	6.795824e-03	-1.757011e-03	3.158026e-03	3.308629e-03	-3.364007e-03	2.798961e-03	7.660588e-03	5.477364e-04	-9.700279e-04	-5.033917e-04	1.504614e-03	7.492958e-03	0	2.962793e-04	-2.745678e-03	5.939365e-03
CLL-JB-0032_pair	-2.461056e-03	-2.776646e-03	1.418618e-03	-3.263863e-04	2.926196e-03	1.979307e-03	1.764897e-04	0	-1.107143e-03	1.115752e-03	2.702452e-03	7.375007e-04	6.450248e-04	-4.428854e-04	3.086924e-03	1.001003e-04	-2.208842e-03	4.185970e-03	7.642287e-04	-1.487147e-03	-2.166706e-03	1.055263e-03	-3.581143e-03	-1.494692e-03	-2.426781e-03	7.408311e-04	-1.190024e-03	-9.857440e-04	-5.857653e-04	-2.101817e-03	5.523695e-04	-1.254361e-03	-1.021745e-03	3.922434e-03	1.674110e-03	-2.247952e-03	1.093405e-04	-3.519519e-03	-1.163334e-03
CLL-JB-0072_pair	-1.320777e-03	-9.081397e-04	4.296388e-01	-3.734462e-04	1.546875e-03	-1.094769e-04	-4.005604e-03	-5.613833e-03	-5.324652e-03	-9.895066e-04	1.310554e-04	-2.814861e-03	1.910742e-04	-2.890385e-04	6.927751e-04	-2.040297e-03	-9.994281e-04	1.780992e-03	1.627922e-03	2.226742e-03	-3.321431e-03	1.835247e-03	8.748506e-05	1.549693e-03	-3.865260e-03	1.116149e-03	3.893199e-03	2.916570e-03	-9.158714e-04	8.440792e-03	5.197053e-03	-6.159355e-01	-1.968179e-03	1.438099e-02	1.805118e-02	6.652519e-03	8.111512e-03	-2.352104e-03	1.296066e-02
CLL-JB-0073_pair	-1.998271e-03	2.827306e-04	1.176848e-03	-1.813640e-03	1.247703e-03	4.937416e-04	-8.503187e-04	4.228524e-04	4.140592e-03	-6.975186e-04	-2.297655e-03	0	3.772335e-03	-1.993231e-03	4.458823e-04	-1.832121e-03	-4.304231e-04	-3.477660e-04	-6.997528e-03	1.215072e-03	1.887841e-03	-3.303047e-02	1.680957e-01	1.701375e-01	-2.031401e-03	-9.597375e-03	-4.433571e-04	-3.455486e-03	3.914773e-03	4.117955e-03	8.403992e-04	-2.829068e-03	4.322033e-03	-1.060592e-02	-1.917692e-03	8.938614e-03	9.845790e-03	-1.246688e-03	-2.497320e-05
